# Blender 5.1.0
# www.blender.org
mtllib Untitled.mtl
o Torus
v 2.740000 0.000000 0.000000
v 2.735482 0.047313 0.000000
v 2.722092 0.092916 0.000000
v 2.700313 0.135160 0.000000
v 2.670933 0.172520 0.000000
v 2.635014 0.203644 0.000000
v 2.593854 0.227408 0.000000
v 2.548940 0.242953 0.000000
v 2.501895 0.249717 0.000000
v 2.454421 0.247455 0.000000
v 2.408233 0.236250 0.000000
v 2.365000 0.216506 0.000000
v 2.326285 0.188937 0.000000
v 2.293487 0.154540 0.000000
v 2.267791 0.114557 0.000000
v 2.250127 0.070433 0.000000
v 2.241132 0.023764 0.000000
v 2.241132 -0.023764 0.000000
v 2.250127 -0.070433 0.000000
v 2.267791 -0.114557 0.000000
v 2.293487 -0.154540 0.000000
v 2.326285 -0.188937 0.000000
v 2.365000 -0.216506 0.000000
v 2.408233 -0.236250 0.000000
v 2.454421 -0.247455 0.000000
v 2.501895 -0.249717 0.000000
v 2.548940 -0.242953 0.000000
v 2.593854 -0.227408 0.000000
v 2.635014 -0.203644 0.000000
v 2.670933 -0.172520 0.000000
v 2.700313 -0.135160 0.000000
v 2.722092 -0.092916 0.000000
v 2.735482 -0.047313 0.000000
v 2.710801 0.000000 -0.398947
v 2.706331 0.047313 -0.398289
v 2.693084 0.092916 -0.396340
v 2.671537 0.135160 -0.393169
v 2.642470 0.172520 -0.388891
v 2.606934 0.203644 -0.383661
v 2.566212 0.227408 -0.377668
v 2.521776 0.242953 -0.371128
v 2.475234 0.249717 -0.364279
v 2.428265 0.247455 -0.357367
v 2.382569 0.236250 -0.350641
v 2.339797 0.216506 -0.344347
v 2.301494 0.188937 -0.338710
v 2.269046 0.154540 -0.333934
v 2.243624 0.114557 -0.330193
v 2.226148 0.070433 -0.327621
v 2.217249 0.023764 -0.326311
v 2.217249 -0.023764 -0.326311
v 2.226148 -0.070433 -0.327621
v 2.243624 -0.114557 -0.330193
v 2.269046 -0.154540 -0.333934
v 2.301494 -0.188937 -0.338710
v 2.339797 -0.216506 -0.344347
v 2.382569 -0.236250 -0.350641
v 2.428265 -0.247455 -0.357367
v 2.475234 -0.249717 -0.364279
v 2.521776 -0.242953 -0.371128
v 2.566212 -0.227408 -0.377668
v 2.606934 -0.203644 -0.383661
v 2.642470 -0.172520 -0.388891
v 2.671537 -0.135160 -0.393169
v 2.693084 -0.092916 -0.396340
v 2.706331 -0.047313 -0.398289
v 2.623826 0.000000 -0.789391
v 2.619499 0.047313 -0.788090
v 2.606677 0.092916 -0.784232
v 2.585822 0.135160 -0.777958
v 2.557688 0.172520 -0.769493
v 2.523291 0.203644 -0.759145
v 2.483876 0.227408 -0.747287
v 2.440866 0.242953 -0.734347
v 2.395817 0.249717 -0.720794
v 2.350355 0.247455 -0.707116
v 2.306125 0.236250 -0.693810
v 2.264725 0.216506 -0.681354
v 2.227652 0.188937 -0.670200
v 2.196244 0.154540 -0.660751
v 2.171638 0.114557 -0.653348
v 2.154723 0.070433 -0.648259
v 2.146109 0.023764 -0.645668
v 2.146109 -0.023764 -0.645668
v 2.154723 -0.070433 -0.648259
v 2.171638 -0.114557 -0.653348
v 2.196244 -0.154540 -0.660751
v 2.227652 -0.188937 -0.670200
v 2.264725 -0.216506 -0.681354
v 2.306125 -0.236250 -0.693810
v 2.350355 -0.247455 -0.707116
v 2.395817 -0.249717 -0.720794
v 2.440866 -0.242953 -0.734347
v 2.483876 -0.227408 -0.747287
v 2.523291 -0.203644 -0.759145
v 2.557688 -0.172520 -0.769493
v 2.585822 -0.135160 -0.777958
v 2.606677 -0.092916 -0.784232
v 2.619499 -0.047313 -0.788090
v 2.480928 0.000000 -1.163012
v 2.476837 0.047313 -1.161094
v 2.464713 0.092916 -1.155410
v 2.444994 0.135160 -1.146166
v 2.418392 0.172520 -1.133696
v 2.385869 0.203644 -1.118450
v 2.348600 0.227408 -1.100979
v 2.307933 0.242953 -1.081915
v 2.265337 0.249717 -1.061947
v 2.222351 0.247455 -1.041796
v 2.180530 0.236250 -1.022191
v 2.141385 0.216506 -1.003840
v 2.106330 0.188937 -0.987407
v 2.076633 0.154540 -0.973486
v 2.053367 0.114557 -0.962579
v 2.037373 0.070433 -0.955082
v 2.029229 0.023764 -0.951264
v 2.029229 -0.023764 -0.951264
v 2.037373 -0.070433 -0.955082
v 2.053367 -0.114557 -0.962579
v 2.076633 -0.154540 -0.973486
v 2.106330 -0.188937 -0.987407
v 2.141385 -0.216506 -1.003840
v 2.180530 -0.236250 -1.022191
v 2.222351 -0.247455 -1.041796
v 2.265337 -0.249717 -1.061947
v 2.307933 -0.242953 -1.081915
v 2.348600 -0.227408 -1.100979
v 2.385869 -0.203644 -1.118450
v 2.418392 -0.172520 -1.133696
v 2.444994 -0.135160 -1.146166
v 2.464713 -0.092916 -1.155410
v 2.476837 -0.047313 -1.161094
v 2.285154 0.000000 -1.511844
v 2.281386 0.047313 -1.509351
v 2.270219 0.092916 -1.501963
v 2.252055 0.135160 -1.489946
v 2.227553 0.172520 -1.473735
v 2.197596 0.203644 -1.453916
v 2.163268 0.227408 -1.431205
v 2.125810 0.242953 -1.406423
v 2.086575 0.249717 -1.380465
v 2.046982 0.247455 -1.354271
v 2.008461 0.236250 -1.328785
v 1.972405 0.216506 -1.304931
v 1.940116 0.188937 -1.283569
v 1.912763 0.154540 -1.265472
v 1.891333 0.114557 -1.251294
v 1.876601 0.070433 -1.241548
v 1.869099 0.023764 -1.236585
v 1.869099 -0.023764 -1.236585
v 1.876601 -0.070433 -1.241548
v 1.891333 -0.114557 -1.251294
v 1.912763 -0.154540 -1.265472
v 1.940116 -0.188937 -1.283569
v 1.972405 -0.216506 -1.304931
v 2.008461 -0.236250 -1.328785
v 2.046982 -0.247455 -1.354271
v 2.086575 -0.249717 -1.380465
v 2.125810 -0.242953 -1.406423
v 2.163268 -0.227408 -1.431205
v 2.197596 -0.203644 -1.453916
v 2.227553 -0.172520 -1.473735
v 2.252055 -0.135160 -1.489946
v 2.270219 -0.092916 -1.501963
v 2.281386 -0.047313 -1.509351
v 2.040676 0.000000 -1.828454
v 2.037311 0.047313 -1.825439
v 2.027338 0.092916 -1.816503
v 2.011118 0.135160 -1.801970
v 1.989237 0.172520 -1.782364
v 1.962485 0.203644 -1.758395
v 1.931830 0.227408 -1.730927
v 1.898379 0.242953 -1.700955
v 1.863342 0.249717 -1.669562
v 1.827985 0.247455 -1.637882
v 1.793585 0.236250 -1.607059
v 1.761386 0.216506 -1.578209
v 1.732552 0.188937 -1.552374
v 1.708125 0.154540 -1.530487
v 1.688988 0.114557 -1.513340
v 1.675832 0.070433 -1.501552
v 1.669133 0.023764 -1.495550
v 1.669133 -0.023764 -1.495550
v 1.675832 -0.070433 -1.501552
v 1.688988 -0.114557 -1.513340
v 1.708125 -0.154540 -1.530487
v 1.732552 -0.188937 -1.552374
v 1.761386 -0.216506 -1.578209
v 1.793585 -0.236250 -1.607059
v 1.827985 -0.247455 -1.637882
v 1.863342 -0.249717 -1.669562
v 1.898379 -0.242953 -1.700955
v 1.931830 -0.227408 -1.730927
v 1.962485 -0.203644 -1.758395
v 1.989237 -0.172520 -1.782364
v 2.011118 -0.135160 -1.801970
v 2.027338 -0.092916 -1.816503
v 2.037311 -0.047313 -1.825439
v 1.752704 0.000000 -2.106093
v 1.749814 0.047313 -2.102621
v 1.741249 0.092916 -2.092328
v 1.727318 0.135160 -2.075588
v 1.708524 0.172520 -2.053005
v 1.685548 0.203644 -2.025396
v 1.659218 0.227408 -1.993758
v 1.630488 0.242953 -1.959235
v 1.600395 0.249717 -1.923075
v 1.570027 0.247455 -1.886584
v 1.540482 0.236250 -1.851081
v 1.512827 0.216506 -1.817850
v 1.488062 0.188937 -1.788092
v 1.467082 0.154540 -1.762882
v 1.450645 0.114557 -1.743131
v 1.439345 0.070433 -1.729554
v 1.433592 0.023764 -1.722640
v 1.433592 -0.023764 -1.722640
v 1.439345 -0.070433 -1.729554
v 1.450645 -0.114557 -1.743131
v 1.467082 -0.154540 -1.762882
v 1.488062 -0.188937 -1.788092
v 1.512827 -0.216506 -1.817850
v 1.540482 -0.236250 -1.851081
v 1.570027 -0.247455 -1.886584
v 1.600395 -0.249717 -1.923075
v 1.630488 -0.242953 -1.959235
v 1.659218 -0.227408 -1.993758
v 1.685548 -0.203644 -2.025396
v 1.708524 -0.172520 -2.053005
v 1.727318 -0.135160 -2.075588
v 1.741249 -0.092916 -2.092328
v 1.749814 -0.047313 -2.102621
v 1.427377 0.000000 -2.338845
v 1.425023 0.047313 -2.334989
v 1.418048 0.092916 -2.323559
v 1.406702 0.135160 -2.304969
v 1.391397 0.172520 -2.279890
v 1.372685 0.203644 -2.249230
v 1.351243 0.227408 -2.214096
v 1.327846 0.242953 -2.175757
v 1.303338 0.249717 -2.135601
v 1.278607 0.247455 -2.095077
v 1.254546 0.236250 -2.055651
v 1.232024 0.216506 -2.018748
v 1.211856 0.188937 -1.985701
v 1.194770 0.154540 -1.957704
v 1.181384 0.114557 -1.935771
v 1.172182 0.070433 -1.920693
v 1.167496 0.023764 -1.913015
v 1.167496 -0.023764 -1.913015
v 1.172182 -0.070433 -1.920693
v 1.181384 -0.114557 -1.935771
v 1.194770 -0.154540 -1.957704
v 1.211856 -0.188937 -1.985701
v 1.232024 -0.216506 -2.018748
v 1.254546 -0.236250 -2.055651
v 1.278607 -0.247455 -2.095077
v 1.303338 -0.249717 -2.135601
v 1.327846 -0.242953 -2.175757
v 1.351243 -0.227408 -2.214096
v 1.372685 -0.203644 -2.249230
v 1.391397 -0.172520 -2.279890
v 1.406702 -0.135160 -2.304969
v 1.418048 -0.092916 -2.323559
v 1.425023 -0.047313 -2.334989
v 1.071627 0.000000 -2.521749
v 1.069860 0.047313 -2.517591
v 1.064623 0.092916 -2.505267
v 1.056105 0.135160 -2.485223
v 1.044615 0.172520 -2.458183
v 1.030567 0.203644 -2.425125
v 1.014469 0.227408 -2.387243
v 0.996903 0.242953 -2.345907
v 0.978503 0.249717 -2.302610
v 0.959936 0.247455 -2.258917
v 0.941871 0.236250 -2.216408
v 0.924963 0.216506 -2.176619
v 0.909821 0.188937 -2.140987
v 0.896994 0.154540 -2.110802
v 0.886944 0.114557 -2.087153
v 0.880035 0.070433 -2.070895
v 0.876517 0.023764 -2.062617
v 0.876517 -0.023764 -2.062617
v 0.880035 -0.070433 -2.070895
v 0.886944 -0.114557 -2.087153
v 0.896994 -0.154540 -2.110802
v 0.909821 -0.188937 -2.140987
v 0.924963 -0.216506 -2.176619
v 0.941871 -0.236250 -2.216408
v 0.959936 -0.247455 -2.258917
v 0.978503 -0.249717 -2.302610
v 0.996903 -0.242953 -2.345907
v 1.014469 -0.227408 -2.387243
v 1.030567 -0.203644 -2.425125
v 1.044615 -0.172520 -2.458183
v 1.056105 -0.135160 -2.485223
v 1.064623 -0.092916 -2.505267
v 1.069860 -0.047313 -2.517591
v 0.693038 0.000000 -2.650905
v 0.691895 0.047313 -2.646534
v 0.688508 0.092916 -2.633579
v 0.683000 0.135160 -2.612509
v 0.675569 0.172520 -2.584085
v 0.666483 0.203644 -2.549333
v 0.656072 0.227408 -2.509511
v 0.644712 0.242953 -2.466058
v 0.632813 0.249717 -2.420543
v 0.620805 0.247455 -2.374612
v 0.609123 0.236250 -2.329926
v 0.598188 0.216506 -2.288099
v 0.588395 0.188937 -2.250643
v 0.580100 0.154540 -2.218911
v 0.573600 0.114557 -2.194051
v 0.569132 0.070433 -2.176961
v 0.566857 0.023764 -2.168259
v 0.566857 -0.023764 -2.168259
v 0.569132 -0.070433 -2.176961
v 0.573600 -0.114557 -2.194051
v 0.580100 -0.154540 -2.218911
v 0.588395 -0.188937 -2.250643
v 0.598188 -0.216506 -2.288099
v 0.609123 -0.236250 -2.329926
v 0.620805 -0.247455 -2.374612
v 0.632813 -0.249717 -2.420543
v 0.644712 -0.242953 -2.466058
v 0.656072 -0.227408 -2.509511
v 0.666483 -0.203644 -2.549333
v 0.675569 -0.172520 -2.584085
v 0.683000 -0.135160 -2.612509
v 0.688508 -0.092916 -2.633579
v 0.691895 -0.047313 -2.646534
v 0.299678 0.000000 -2.723563
v 0.299183 0.047313 -2.719072
v 0.297719 0.092916 -2.705762
v 0.295337 0.135160 -2.684114
v 0.292124 0.172520 -2.654911
v 0.288195 0.203644 -2.619207
v 0.283693 0.227408 -2.578293
v 0.278781 0.242953 -2.533648
v 0.273636 0.249717 -2.486887
v 0.268443 0.247455 -2.439697
v 0.263392 0.236250 -2.393786
v 0.258663 0.216506 -2.350812
v 0.254429 0.188937 -2.312330
v 0.250842 0.154540 -2.279728
v 0.248031 0.114557 -2.254186
v 0.246099 0.070433 -2.236628
v 0.245116 0.023764 -2.227687
v 0.245116 -0.023764 -2.227687
v 0.246099 -0.070433 -2.236628
v 0.248031 -0.114557 -2.254186
v 0.250842 -0.154540 -2.279728
v 0.254429 -0.188937 -2.312330
v 0.258663 -0.216506 -2.350812
v 0.263392 -0.236250 -2.393786
v 0.268443 -0.247455 -2.439697
v 0.273636 -0.249717 -2.486887
v 0.278781 -0.242953 -2.533648
v 0.283693 -0.227408 -2.578293
v 0.288195 -0.203644 -2.619207
v 0.292124 -0.172520 -2.654911
v 0.295337 -0.135160 -2.684114
v 0.297719 -0.092916 -2.705762
v 0.299183 -0.047313 -2.719072
v -0.100071 0.000000 -2.738172
v -0.099906 0.047313 -2.733657
v -0.099417 0.092916 -2.720276
v -0.098622 0.135160 -2.698512
v -0.097549 0.172520 -2.669152
v -0.096237 0.203644 -2.633256
v -0.094733 0.227408 -2.592123
v -0.093093 0.242953 -2.547239
v -0.091375 0.249717 -2.500226
v -0.089641 0.247455 -2.452784
v -0.087954 0.236250 -2.406626
v -0.086375 0.216506 -2.363422
v -0.084961 0.188937 -2.324733
v -0.083763 0.154540 -2.291957
v -0.082825 0.114557 -2.266278
v -0.082180 0.070433 -2.248626
v -0.081851 0.023764 -2.239637
v -0.081851 -0.023764 -2.239637
v -0.082180 -0.070433 -2.248626
v -0.082825 -0.114557 -2.266278
v -0.083763 -0.154540 -2.291957
v -0.084961 -0.188937 -2.324733
v -0.086375 -0.216506 -2.363422
v -0.087954 -0.236250 -2.406626
v -0.089641 -0.247455 -2.452784
v -0.091375 -0.249717 -2.500226
v -0.093093 -0.242953 -2.547239
v -0.094733 -0.227408 -2.592123
v -0.096237 -0.203644 -2.633256
v -0.097549 -0.172520 -2.669152
v -0.098622 -0.135160 -2.698512
v -0.099417 -0.092916 -2.720276
v -0.099906 -0.047313 -2.733657
v -0.497684 0.000000 -2.694422
v -0.496864 0.047313 -2.689979
v -0.494432 0.092916 -2.676812
v -0.490476 0.135160 -2.655396
v -0.485139 0.172520 -2.626504
v -0.478615 0.203644 -2.591183
v -0.471139 0.227408 -2.550707
v -0.462981 0.242953 -2.506540
v -0.454436 0.249717 -2.460278
v -0.445813 0.247455 -2.413594
v -0.437423 0.236250 -2.368174
v -0.429571 0.216506 -2.325660
v -0.422539 0.188937 -2.287589
v -0.416581 0.154540 -2.255336
v -0.411914 0.114557 -2.230068
v -0.408705 0.070433 -2.212698
v -0.407072 0.023764 -2.203852
v -0.407072 -0.023764 -2.203852
v -0.408705 -0.070433 -2.212698
v -0.411914 -0.114557 -2.230068
v -0.416581 -0.154540 -2.255336
v -0.422539 -0.188937 -2.287589
v -0.429571 -0.216506 -2.325660
v -0.437423 -0.236250 -2.368174
v -0.445813 -0.247455 -2.413594
v -0.454436 -0.249717 -2.460278
v -0.462981 -0.242953 -2.506540
v -0.471139 -0.227408 -2.550707
v -0.478615 -0.203644 -2.591183
v -0.485139 -0.172520 -2.626504
v -0.490476 -0.135160 -2.655396
v -0.494432 -0.092916 -2.676812
v -0.496864 -0.047313 -2.689979
v -0.884693 0.000000 -2.593245
v -0.883234 0.047313 -2.588969
v -0.878911 0.092916 -2.576296
v -0.871879 0.135160 -2.555684
v -0.862393 0.172520 -2.527877
v -0.850795 0.203644 -2.493882
v -0.837505 0.227408 -2.454926
v -0.823003 0.242953 -2.412418
v -0.807813 0.249717 -2.367893
v -0.792485 0.247455 -2.322962
v -0.777572 0.236250 -2.279247
v -0.763613 0.216506 -2.238330
v -0.751112 0.188937 -2.201688
v -0.740522 0.154540 -2.170647
v -0.732226 0.114557 -2.146327
v -0.726522 0.070433 -2.129609
v -0.723618 0.023764 -2.121096
v -0.723618 -0.023764 -2.121096
v -0.726522 -0.070433 -2.129609
v -0.732226 -0.114557 -2.146327
v -0.740522 -0.154540 -2.170647
v -0.751112 -0.188937 -2.201688
v -0.763613 -0.216506 -2.238330
v -0.777572 -0.236250 -2.279247
v -0.792485 -0.247455 -2.322962
v -0.807813 -0.249717 -2.367893
v -0.823003 -0.242953 -2.412418
v -0.837505 -0.227408 -2.454926
v -0.850795 -0.203644 -2.493882
v -0.862393 -0.172520 -2.527877
v -0.871879 -0.135160 -2.555684
v -0.878911 -0.092916 -2.576296
v -0.883234 -0.047313 -2.588969
v -1.252843 0.000000 -2.436798
v -1.250777 0.047313 -2.432780
v -1.244655 0.092916 -2.420871
v -1.234697 0.135160 -2.401503
v -1.221263 0.172520 -2.375374
v -1.204839 0.203644 -2.343430
v -1.186019 0.227408 -2.306824
v -1.165482 0.242953 -2.266880
v -1.143972 0.249717 -2.225041
v -1.122265 0.247455 -2.182821
v -1.101145 0.236250 -2.141743
v -1.081377 0.216506 -2.103295
v -1.063675 0.188937 -2.068864
v -1.048679 0.154540 -2.039695
v -1.036929 0.114557 -2.016843
v -1.028853 0.070433 -2.001133
v -1.024740 0.023764 -1.993134
v -1.024740 -0.023764 -1.993134
v -1.028853 -0.070433 -2.001133
v -1.036929 -0.114557 -2.016843
v -1.048679 -0.154540 -2.039695
v -1.063675 -0.188937 -2.068864
v -1.081377 -0.216506 -2.103295
v -1.101145 -0.236250 -2.141743
v -1.122265 -0.247455 -2.182821
v -1.143972 -0.249717 -2.225041
v -1.165482 -0.242953 -2.266880
v -1.186019 -0.227408 -2.306824
v -1.204839 -0.203644 -2.343430
v -1.221263 -0.172520 -2.375374
v -1.234697 -0.135160 -2.401503
v -1.244655 -0.092916 -2.420871
v -1.250777 -0.047313 -2.432780
v -1.594294 0.000000 -2.228414
v -1.591665 0.047313 -2.224740
v -1.583874 0.092916 -2.213849
v -1.571202 0.135160 -2.196137
v -1.554107 0.172520 -2.172243
v -1.533207 0.203644 -2.143030
v -1.509257 0.227408 -2.109555
v -1.483124 0.242953 -2.073026
v -1.455750 0.249717 -2.034766
v -1.428127 0.247455 -1.996156
v -1.401252 0.236250 -1.958591
v -1.376096 0.216506 -1.923430
v -1.353570 0.188937 -1.891944
v -1.334486 0.154540 -1.865269
v -1.319535 0.114557 -1.844371
v -1.309257 0.070433 -1.830005
v -1.304023 0.023764 -1.822690
v -1.304023 -0.023764 -1.822690
v -1.309257 -0.070433 -1.830005
v -1.319535 -0.114557 -1.844371
v -1.334486 -0.154540 -1.865269
v -1.353570 -0.188937 -1.891944
v -1.376096 -0.216506 -1.923430
v -1.401252 -0.236250 -1.958591
v -1.428127 -0.247455 -1.996156
v -1.455750 -0.249717 -2.034766
v -1.483124 -0.242953 -2.073026
v -1.509257 -0.227408 -2.109555
v -1.533207 -0.203644 -2.143030
v -1.554107 -0.172520 -2.172243
v -1.571202 -0.135160 -2.196137
v -1.583874 -0.092916 -2.213849
v -1.591665 -0.047313 -2.224740
v -1.901764 0.000000 -1.972535
v -1.898628 0.047313 -1.969283
v -1.889334 0.092916 -1.959643
v -1.874218 0.135160 -1.943965
v -1.853826 0.172520 -1.922814
v -1.828896 0.203644 -1.896956
v -1.800327 0.227408 -1.867324
v -1.769153 0.242953 -1.834990
v -1.736501 0.249717 -1.801123
v -1.703551 0.247455 -1.766946
v -1.671493 0.236250 -1.733695
v -1.641486 0.216506 -1.702572
v -1.614614 0.188937 -1.674700
v -1.591850 0.154540 -1.651089
v -1.574015 0.114557 -1.632591
v -1.561755 0.070433 -1.619874
v -1.555512 0.023764 -1.613399
v -1.555512 -0.023764 -1.613399
v -1.561755 -0.070433 -1.619874
v -1.574015 -0.114557 -1.632591
v -1.591850 -0.154540 -1.651089
v -1.614614 -0.188937 -1.674700
v -1.641486 -0.216506 -1.702572
v -1.671493 -0.236250 -1.733695
v -1.703551 -0.247455 -1.766946
v -1.736501 -0.249717 -1.801123
v -1.769153 -0.242953 -1.834990
v -1.800327 -0.227408 -1.867324
v -1.828896 -0.203644 -1.896956
v -1.853826 -0.172520 -1.922814
v -1.874218 -0.135160 -1.943965
v -1.889334 -0.092916 -1.959643
v -1.898628 -0.047313 -1.969283
v -2.168700 0.000000 -1.674616
v -2.165125 0.047313 -1.671855
v -2.154526 0.092916 -1.663671
v -2.137289 0.135160 -1.650360
v -2.114035 0.172520 -1.632404
v -2.085605 0.203644 -1.610451
v -2.053026 0.227408 -1.585295
v -2.017477 0.242953 -1.557845
v -1.980242 0.249717 -1.529093
v -1.942666 0.247455 -1.500078
v -1.906108 0.236250 -1.471849
v -1.871889 0.216506 -1.445426
v -1.841246 0.188937 -1.421764
v -1.815287 0.154540 -1.401719
v -1.794949 0.114557 -1.386014
v -1.780968 0.070433 -1.375218
v -1.773848 0.023764 -1.369721
v -1.773848 -0.023764 -1.369721
v -1.780968 -0.070433 -1.375218
v -1.794949 -0.114557 -1.386014
v -1.815287 -0.154540 -1.401719
v -1.841246 -0.188937 -1.421764
v -1.871889 -0.216506 -1.445426
v -1.906108 -0.236250 -1.471849
v -1.942666 -0.247455 -1.500078
v -1.980242 -0.249717 -1.529093
v -2.017477 -0.242953 -1.557845
v -2.053026 -0.227408 -1.585295
v -2.085605 -0.203644 -1.610451
v -2.114035 -0.172520 -1.632404
v -2.137289 -0.135160 -1.650360
v -2.154526 -0.092916 -1.663671
v -2.165125 -0.047313 -1.671855
v -2.389415 0.000000 -1.341005
v -2.385476 0.047313 -1.338794
v -2.373799 0.092916 -1.332240
v -2.354807 0.135160 -1.321582
v -2.329186 0.172520 -1.307203
v -2.297863 0.203644 -1.289623
v -2.261969 0.227408 -1.269478
v -2.222801 0.242953 -1.247497
v -2.181776 0.249717 -1.224472
v -2.140377 0.247455 -1.201238
v -2.100098 0.236250 -1.178632
v -2.062397 0.216506 -1.157473
v -2.028635 0.188937 -1.138525
v -2.000034 0.154540 -1.122473
v -1.977626 0.114557 -1.109897
v -1.962222 0.070433 -1.101252
v -1.954378 0.023764 -1.096850
v -1.954378 -0.023764 -1.096850
v -1.962222 -0.070433 -1.101252
v -1.977626 -0.114557 -1.109897
v -2.000034 -0.154540 -1.122473
v -2.028635 -0.188937 -1.138525
v -2.062397 -0.216506 -1.157473
v -2.100098 -0.236250 -1.178632
v -2.140377 -0.247455 -1.201238
v -2.181776 -0.249717 -1.224472
v -2.222801 -0.242953 -1.247497
v -2.261969 -0.227408 -1.269478
v -2.297863 -0.203644 -1.289623
v -2.329186 -0.172520 -1.307203
v -2.354807 -0.135160 -1.321582
v -2.373799 -0.092916 -1.332240
v -2.385476 -0.047313 -1.338794
v -2.559204 0.000000 -0.978813
v -2.554985 0.047313 -0.977199
v -2.542478 0.092916 -0.972415
v -2.522136 0.135160 -0.964635
v -2.494695 0.172520 -0.954140
v -2.461146 0.203644 -0.941309
v -2.422701 0.227408 -0.926605
v -2.380751 0.242953 -0.910560
v -2.336811 0.249717 -0.893754
v -2.292469 0.247455 -0.876795
v -2.249328 0.236250 -0.860295
v -2.208948 0.216506 -0.844851
v -2.172788 0.188937 -0.831021
v -2.142154 0.154540 -0.819304
v -2.118153 0.114557 -0.810125
v -2.101655 0.070433 -0.803815
v -2.093253 0.023764 -0.800602
v -2.093253 -0.023764 -0.800602
v -2.101655 -0.070433 -0.803815
v -2.118153 -0.114557 -0.810125
v -2.142154 -0.154540 -0.819304
v -2.172788 -0.188937 -0.831021
v -2.208948 -0.216506 -0.844851
v -2.249328 -0.236250 -0.860295
v -2.292469 -0.247455 -0.876795
v -2.336811 -0.249717 -0.893754
v -2.380751 -0.242953 -0.910560
v -2.422701 -0.227408 -0.926605
v -2.461146 -0.203644 -0.941309
v -2.494695 -0.172520 -0.954140
v -2.522136 -0.135160 -0.964635
v -2.542478 -0.092916 -0.972415
v -2.554985 -0.047313 -0.977199
v -2.674448 0.000000 -0.595759
v -2.670038 0.047313 -0.594777
v -2.656968 0.092916 -0.591865
v -2.635710 0.135160 -0.587130
v -2.607034 0.172520 -0.580742
v -2.571974 0.203644 -0.572932
v -2.531798 0.227408 -0.563982
v -2.487958 0.242953 -0.554217
v -2.442040 0.249717 -0.543988
v -2.395701 0.247455 -0.533665
v -2.350618 0.236250 -0.523623
v -2.308419 0.216506 -0.514223
v -2.270630 0.188937 -0.505805
v -2.238617 0.154540 -0.498673
v -2.213536 0.114557 -0.493086
v -2.196294 0.070433 -0.489246
v -2.187515 0.023764 -0.487290
v -2.187515 -0.023764 -0.487290
v -2.196294 -0.070433 -0.489246
v -2.213536 -0.114557 -0.493086
v -2.238617 -0.154540 -0.498673
v -2.270630 -0.188937 -0.505805
v -2.308419 -0.216506 -0.514223
v -2.350618 -0.236250 -0.523623
v -2.395701 -0.247455 -0.533665
v -2.442040 -0.249717 -0.543988
v -2.487958 -0.242953 -0.554217
v -2.531798 -0.227408 -0.563982
v -2.571974 -0.203644 -0.572932
v -2.607034 -0.172520 -0.580742
v -2.635710 -0.135160 -0.587130
v -2.656968 -0.092916 -0.591865
v -2.670038 -0.047313 -0.594777
v -2.732690 0.000000 -0.200008
v -2.728185 0.047313 -0.199678
v -2.714830 0.092916 -0.198700
v -2.693110 0.135160 -0.197111
v -2.663808 0.172520 -0.194966
v -2.627985 0.203644 -0.192344
v -2.586934 0.227408 -0.189340
v -2.542140 0.242953 -0.186061
v -2.495221 0.249717 -0.182627
v -2.447874 0.247455 -0.179162
v -2.401809 0.236250 -0.175790
v -2.358691 0.216506 -0.172634
v -2.320079 0.188937 -0.169808
v -2.287369 0.154540 -0.167414
v -2.261741 0.114557 -0.165538
v -2.244124 0.070433 -0.164249
v -2.235153 0.023764 -0.163592
v -2.235153 -0.023764 -0.163592
v -2.244124 -0.070433 -0.164249
v -2.261741 -0.114557 -0.165538
v -2.287369 -0.154540 -0.167414
v -2.320079 -0.188937 -0.169808
v -2.358691 -0.216506 -0.172634
v -2.401809 -0.236250 -0.175790
v -2.447874 -0.247455 -0.179162
v -2.495221 -0.249717 -0.182627
v -2.542140 -0.242953 -0.186061
v -2.586934 -0.227408 -0.189340
v -2.627985 -0.203644 -0.192344
v -2.663808 -0.172520 -0.194966
v -2.693110 -0.135160 -0.197111
v -2.714830 -0.092916 -0.198700
v -2.728185 -0.047313 -0.199678
v -2.732690 0.000000 0.200008
v -2.728185 0.047313 0.199678
v -2.714830 0.092916 0.198700
v -2.693110 0.135160 0.197111
v -2.663808 0.172520 0.194966
v -2.627985 0.203644 0.192344
v -2.586934 0.227408 0.189340
v -2.542140 0.242953 0.186061
v -2.495221 0.249717 0.182627
v -2.447874 0.247455 0.179162
v -2.401809 0.236250 0.175790
v -2.358691 0.216506 0.172634
v -2.320079 0.188937 0.169808
v -2.287369 0.154540 0.167414
v -2.261741 0.114557 0.165538
v -2.244124 0.070433 0.164249
v -2.235153 0.023764 0.163592
v -2.235153 -0.023764 0.163592
v -2.244124 -0.070433 0.164249
v -2.261741 -0.114557 0.165538
v -2.287369 -0.154540 0.167414
v -2.320079 -0.188937 0.169808
v -2.358691 -0.216506 0.172634
v -2.401809 -0.236250 0.175790
v -2.447874 -0.247455 0.179162
v -2.495221 -0.249717 0.182627
v -2.542140 -0.242953 0.186061
v -2.586934 -0.227408 0.189340
v -2.627985 -0.203644 0.192344
v -2.663808 -0.172520 0.194966
v -2.693110 -0.135160 0.197111
v -2.714830 -0.092916 0.198700
v -2.728185 -0.047313 0.199678
v -2.674448 0.000000 0.595758
v -2.670038 0.047313 0.594775
v -2.656968 0.092916 0.591864
v -2.635711 0.135160 0.587129
v -2.607034 0.172520 0.580741
v -2.571974 0.203644 0.572931
v -2.531798 0.227408 0.563981
v -2.487959 0.242953 0.554215
v -2.442040 0.249717 0.543987
v -2.395702 0.247455 0.533664
v -2.350618 0.236250 0.523622
v -2.308420 0.216506 0.514221
v -2.270631 0.188937 0.505804
v -2.238617 0.154540 0.498672
v -2.213536 0.114557 0.493085
v -2.196295 0.070433 0.489245
v -2.187515 0.023764 0.487289
v -2.187515 -0.023764 0.487289
v -2.196295 -0.070433 0.489245
v -2.213536 -0.114557 0.493085
v -2.238617 -0.154540 0.498672
v -2.270631 -0.188937 0.505804
v -2.308420 -0.216506 0.514221
v -2.350618 -0.236250 0.523622
v -2.395702 -0.247455 0.533664
v -2.442040 -0.249717 0.543987
v -2.487959 -0.242953 0.554215
v -2.531798 -0.227408 0.563981
v -2.571974 -0.203644 0.572931
v -2.607034 -0.172520 0.580741
v -2.635711 -0.135160 0.587129
v -2.656968 -0.092916 0.591864
v -2.670038 -0.047313 0.594775
v -2.559204 0.000000 0.978813
v -2.554985 0.047313 0.977199
v -2.542478 0.092916 0.972415
v -2.522136 0.135160 0.964635
v -2.494695 0.172520 0.954140
v -2.461146 0.203644 0.941309
v -2.422701 0.227408 0.926605
v -2.380751 0.242953 0.910560
v -2.336811 0.249717 0.893754
v -2.292469 0.247455 0.876795
v -2.249328 0.236250 0.860295
v -2.208948 0.216506 0.844851
v -2.172788 0.188937 0.831021
v -2.142154 0.154540 0.819304
v -2.118153 0.114557 0.810125
v -2.101655 0.070433 0.803815
v -2.093253 0.023764 0.800602
v -2.093253 -0.023764 0.800602
v -2.101655 -0.070433 0.803815
v -2.118153 -0.114557 0.810125
v -2.142154 -0.154540 0.819304
v -2.172788 -0.188937 0.831021
v -2.208948 -0.216506 0.844851
v -2.249328 -0.236250 0.860295
v -2.292469 -0.247455 0.876795
v -2.336811 -0.249717 0.893754
v -2.380751 -0.242953 0.910560
v -2.422701 -0.227408 0.926605
v -2.461146 -0.203644 0.941309
v -2.494695 -0.172520 0.954140
v -2.522136 -0.135160 0.964635
v -2.542478 -0.092916 0.972415
v -2.554985 -0.047313 0.977199
v -2.389416 0.000000 1.341004
v -2.385476 0.047313 1.338793
v -2.373799 0.092916 1.332239
v -2.354807 0.135160 1.321580
v -2.329186 0.172520 1.307201
v -2.297863 0.203644 1.289622
v -2.261969 0.227408 1.269477
v -2.222802 0.242953 1.247496
v -2.181777 0.249717 1.224471
v -2.140377 0.247455 1.201237
v -2.100099 0.236250 1.178631
v -2.062397 0.216506 1.157472
v -2.028636 0.188937 1.138524
v -2.000034 0.154540 1.122472
v -1.977626 0.114557 1.109896
v -1.962222 0.070433 1.101251
v -1.954378 0.023764 1.096849
v -1.954378 -0.023764 1.096849
v -1.962222 -0.070433 1.101251
v -1.977626 -0.114557 1.109896
v -2.000034 -0.154540 1.122472
v -2.028636 -0.188937 1.138524
v -2.062397 -0.216506 1.157472
v -2.100099 -0.236250 1.178631
v -2.140377 -0.247455 1.201237
v -2.181777 -0.249717 1.224471
v -2.222802 -0.242953 1.247496
v -2.261969 -0.227408 1.269477
v -2.297863 -0.203644 1.289622
v -2.329186 -0.172520 1.307201
v -2.354807 -0.135160 1.321580
v -2.373799 -0.092916 1.332239
v -2.385476 -0.047313 1.338793
v -2.168700 0.000000 1.674616
v -2.165125 0.047313 1.671855
v -2.154526 0.092916 1.663671
v -2.137289 0.135160 1.650360
v -2.114035 0.172520 1.632404
v -2.085605 0.203644 1.610451
v -2.053026 0.227408 1.585295
v -2.017477 0.242953 1.557845
v -1.980242 0.249717 1.529093
v -1.942666 0.247455 1.500078
v -1.906108 0.236250 1.471849
v -1.871889 0.216506 1.445426
v -1.841246 0.188937 1.421764
v -1.815287 0.154540 1.401719
v -1.794949 0.114557 1.386014
v -1.780968 0.070433 1.375218
v -1.773848 0.023764 1.369721
v -1.773848 -0.023764 1.369721
v -1.780968 -0.070433 1.375218
v -1.794949 -0.114557 1.386014
v -1.815287 -0.154540 1.401719
v -1.841246 -0.188937 1.421764
v -1.871889 -0.216506 1.445426
v -1.906108 -0.236250 1.471849
v -1.942666 -0.247455 1.500078
v -1.980242 -0.249717 1.529093
v -2.017477 -0.242953 1.557845
v -2.053026 -0.227408 1.585295
v -2.085605 -0.203644 1.610451
v -2.114035 -0.172520 1.632404
v -2.137289 -0.135160 1.650360
v -2.154526 -0.092916 1.663671
v -2.165125 -0.047313 1.671855
v -1.901764 0.000000 1.972535
v -1.898628 0.047313 1.969283
v -1.889334 0.092916 1.959643
v -1.874218 0.135160 1.943965
v -1.853826 0.172520 1.922814
v -1.828896 0.203644 1.896956
v -1.800327 0.227408 1.867324
v -1.769153 0.242953 1.834990
v -1.736501 0.249717 1.801123
v -1.703551 0.247455 1.766946
v -1.671493 0.236250 1.733695
v -1.641486 0.216506 1.702572
v -1.614614 0.188937 1.674700
v -1.591850 0.154540 1.651089
v -1.574015 0.114557 1.632591
v -1.561755 0.070433 1.619874
v -1.555512 0.023764 1.613399
v -1.555512 -0.023764 1.613399
v -1.561755 -0.070433 1.619874
v -1.574015 -0.114557 1.632591
v -1.591850 -0.154540 1.651089
v -1.614614 -0.188937 1.674700
v -1.641486 -0.216506 1.702572
v -1.671493 -0.236250 1.733695
v -1.703551 -0.247455 1.766946
v -1.736501 -0.249717 1.801123
v -1.769153 -0.242953 1.834990
v -1.800327 -0.227408 1.867324
v -1.828896 -0.203644 1.896956
v -1.853826 -0.172520 1.922814
v -1.874218 -0.135160 1.943965
v -1.889334 -0.092916 1.959643
v -1.898628 -0.047313 1.969283
v -1.594294 0.000000 2.228414
v -1.591665 0.047313 2.224740
v -1.583874 0.092916 2.213849
v -1.571202 0.135160 2.196137
v -1.554107 0.172520 2.172243
v -1.533207 0.203644 2.143030
v -1.509257 0.227408 2.109555
v -1.483124 0.242953 2.073026
v -1.455750 0.249717 2.034766
v -1.428127 0.247455 1.996156
v -1.401252 0.236250 1.958591
v -1.376096 0.216506 1.923430
v -1.353570 0.188937 1.891944
v -1.334486 0.154540 1.865269
v -1.319535 0.114557 1.844371
v -1.309257 0.070433 1.830005
v -1.304023 0.023764 1.822690
v -1.304023 -0.023764 1.822690
v -1.309257 -0.070433 1.830005
v -1.319535 -0.114557 1.844371
v -1.334486 -0.154540 1.865269
v -1.353570 -0.188937 1.891944
v -1.376096 -0.216506 1.923430
v -1.401252 -0.236250 1.958591
v -1.428127 -0.247455 1.996156
v -1.455750 -0.249717 2.034766
v -1.483124 -0.242953 2.073026
v -1.509257 -0.227408 2.109555
v -1.533207 -0.203644 2.143030
v -1.554107 -0.172520 2.172243
v -1.571202 -0.135160 2.196137
v -1.583874 -0.092916 2.213849
v -1.591665 -0.047313 2.224740
v -1.252846 0.000000 2.436797
v -1.250780 0.047313 2.432779
v -1.244657 0.092916 2.420870
v -1.234699 0.135160 2.401502
v -1.221265 0.172520 2.375373
v -1.204841 0.203644 2.343429
v -1.186021 0.227408 2.306823
v -1.165485 0.242953 2.266879
v -1.143974 0.249717 2.225040
v -1.122267 0.247455 2.182820
v -1.101147 0.236250 2.141742
v -1.081379 0.216506 2.103294
v -1.063677 0.188937 2.068863
v -1.048681 0.154540 2.039694
v -1.036931 0.114557 2.016842
v -1.028854 0.070433 2.001132
v -1.024742 0.023764 1.993133
v -1.024742 -0.023764 1.993133
v -1.028854 -0.070433 2.001132
v -1.036931 -0.114557 2.016842
v -1.048681 -0.154540 2.039694
v -1.063677 -0.188937 2.068863
v -1.081379 -0.216506 2.103294
v -1.101147 -0.236250 2.141742
v -1.122267 -0.247455 2.182820
v -1.143974 -0.249717 2.225040
v -1.165485 -0.242953 2.266879
v -1.186021 -0.227408 2.306823
v -1.204841 -0.203644 2.343429
v -1.221265 -0.172520 2.375373
v -1.234699 -0.135160 2.401502
v -1.244657 -0.092916 2.420870
v -1.250780 -0.047313 2.432779
v -0.884693 0.000000 2.593245
v -0.883234 0.047313 2.588969
v -0.878911 0.092916 2.576296
v -0.871879 0.135160 2.555684
v -0.862393 0.172520 2.527877
v -0.850795 0.203644 2.493882
v -0.837505 0.227408 2.454926
v -0.823003 0.242953 2.412418
v -0.807813 0.249717 2.367893
v -0.792485 0.247455 2.322962
v -0.777572 0.236250 2.279247
v -0.763613 0.216506 2.238330
v -0.751112 0.188937 2.201688
v -0.740522 0.154540 2.170647
v -0.732226 0.114557 2.146327
v -0.726522 0.070433 2.129609
v -0.723618 0.023764 2.121096
v -0.723618 -0.023764 2.121096
v -0.726522 -0.070433 2.129609
v -0.732226 -0.114557 2.146327
v -0.740522 -0.154540 2.170647
v -0.751112 -0.188937 2.201688
v -0.763613 -0.216506 2.238330
v -0.777572 -0.236250 2.279247
v -0.792485 -0.247455 2.322962
v -0.807813 -0.249717 2.367893
v -0.823003 -0.242953 2.412418
v -0.837505 -0.227408 2.454926
v -0.850795 -0.203644 2.493882
v -0.862393 -0.172520 2.527877
v -0.871879 -0.135160 2.555684
v -0.878911 -0.092916 2.576296
v -0.883234 -0.047313 2.588969
v -0.497684 0.000000 2.694422
v -0.496864 0.047313 2.689979
v -0.494432 0.092916 2.676812
v -0.490476 0.135160 2.655396
v -0.485139 0.172520 2.626504
v -0.478615 0.203644 2.591183
v -0.471139 0.227408 2.550707
v -0.462981 0.242953 2.506540
v -0.454436 0.249717 2.460278
v -0.445813 0.247455 2.413594
v -0.437423 0.236250 2.368174
v -0.429571 0.216506 2.325660
v -0.422539 0.188937 2.287589
v -0.416581 0.154540 2.255336
v -0.411914 0.114557 2.230068
v -0.408705 0.070433 2.212698
v -0.407072 0.023764 2.203852
v -0.407072 -0.023764 2.203852
v -0.408705 -0.070433 2.212698
v -0.411914 -0.114557 2.230068
v -0.416581 -0.154540 2.255336
v -0.422539 -0.188937 2.287589
v -0.429571 -0.216506 2.325660
v -0.437423 -0.236250 2.368174
v -0.445813 -0.247455 2.413594
v -0.454436 -0.249717 2.460278
v -0.462981 -0.242953 2.506540
v -0.471139 -0.227408 2.550707
v -0.478615 -0.203644 2.591183
v -0.485139 -0.172520 2.626504
v -0.490476 -0.135160 2.655396
v -0.494432 -0.092916 2.676812
v -0.496864 -0.047313 2.689979
v -0.100071 0.000000 2.738172
v -0.099906 0.047313 2.733657
v -0.099417 0.092916 2.720276
v -0.098622 0.135160 2.698512
v -0.097549 0.172520 2.669152
v -0.096237 0.203644 2.633256
v -0.094733 0.227408 2.592123
v -0.093093 0.242953 2.547239
v -0.091375 0.249717 2.500226
v -0.089641 0.247455 2.452784
v -0.087954 0.236250 2.406626
v -0.086375 0.216506 2.363422
v -0.084961 0.188937 2.324733
v -0.083763 0.154540 2.291957
v -0.082825 0.114557 2.266278
v -0.082180 0.070433 2.248626
v -0.081851 0.023764 2.239637
v -0.081851 -0.023764 2.239637
v -0.082180 -0.070433 2.248626
v -0.082825 -0.114557 2.266278
v -0.083763 -0.154540 2.291957
v -0.084961 -0.188937 2.324733
v -0.086375 -0.216506 2.363422
v -0.087954 -0.236250 2.406626
v -0.089641 -0.247455 2.452784
v -0.091375 -0.249717 2.500226
v -0.093093 -0.242953 2.547239
v -0.094733 -0.227408 2.592123
v -0.096237 -0.203644 2.633256
v -0.097549 -0.172520 2.669152
v -0.098622 -0.135160 2.698512
v -0.099417 -0.092916 2.720276
v -0.099906 -0.047313 2.733657
v 0.299678 0.000000 2.723563
v 0.299183 0.047313 2.719072
v 0.297719 0.092916 2.705762
v 0.295337 0.135160 2.684114
v 0.292124 0.172520 2.654911
v 0.288195 0.203644 2.619207
v 0.283693 0.227408 2.578293
v 0.278781 0.242953 2.533648
v 0.273636 0.249717 2.486887
v 0.268443 0.247455 2.439697
v 0.263392 0.236250 2.393786
v 0.258663 0.216506 2.350812
v 0.254429 0.188937 2.312330
v 0.250842 0.154540 2.279728
v 0.248031 0.114557 2.254186
v 0.246099 0.070433 2.236628
v 0.245116 0.023764 2.227687
v 0.245116 -0.023764 2.227687
v 0.246099 -0.070433 2.236628
v 0.248031 -0.114557 2.254186
v 0.250842 -0.154540 2.279728
v 0.254429 -0.188937 2.312330
v 0.258663 -0.216506 2.350812
v 0.263392 -0.236250 2.393786
v 0.268443 -0.247455 2.439697
v 0.273636 -0.249717 2.486887
v 0.278781 -0.242953 2.533648
v 0.283693 -0.227408 2.578293
v 0.288195 -0.203644 2.619207
v 0.292124 -0.172520 2.654911
v 0.295337 -0.135160 2.684114
v 0.297719 -0.092916 2.705762
v 0.299183 -0.047313 2.719072
v 0.693037 0.000000 2.650906
v 0.691894 0.047313 2.646535
v 0.688507 0.092916 2.633580
v 0.682998 0.135160 2.612509
v 0.675567 0.172520 2.584085
v 0.666482 0.203644 2.549334
v 0.656071 0.227408 2.509511
v 0.644711 0.242953 2.466058
v 0.632812 0.249717 2.420543
v 0.620804 0.247455 2.374613
v 0.609122 0.236250 2.329926
v 0.598187 0.216506 2.288099
v 0.588394 0.188937 2.250643
v 0.580099 0.154540 2.218911
v 0.573599 0.114557 2.194051
v 0.569131 0.070433 2.176961
v 0.566856 0.023764 2.168259
v 0.566856 -0.023764 2.168259
v 0.569131 -0.070433 2.176961
v 0.573599 -0.114557 2.194051
v 0.580099 -0.154540 2.218911
v 0.588394 -0.188937 2.250643
v 0.598187 -0.216506 2.288099
v 0.609122 -0.236250 2.329926
v 0.620804 -0.247455 2.374613
v 0.632812 -0.249717 2.420543
v 0.644711 -0.242953 2.466058
v 0.656071 -0.227408 2.509511
v 0.666482 -0.203644 2.549334
v 0.675567 -0.172520 2.584085
v 0.682998 -0.135160 2.612509
v 0.688507 -0.092916 2.633580
v 0.691894 -0.047313 2.646535
v 1.071627 0.000000 2.521749
v 1.069860 0.047313 2.517591
v 1.064623 0.092916 2.505267
v 1.056105 0.135160 2.485223
v 1.044615 0.172520 2.458183
v 1.030567 0.203644 2.425125
v 1.014469 0.227408 2.387243
v 0.996903 0.242953 2.345907
v 0.978503 0.249717 2.302610
v 0.959936 0.247455 2.258917
v 0.941871 0.236250 2.216408
v 0.924963 0.216506 2.176619
v 0.909821 0.188937 2.140987
v 0.896994 0.154540 2.110802
v 0.886944 0.114557 2.087153
v 0.880035 0.070433 2.070895
v 0.876517 0.023764 2.062617
v 0.876517 -0.023764 2.062617
v 0.880035 -0.070433 2.070895
v 0.886944 -0.114557 2.087153
v 0.896994 -0.154540 2.110802
v 0.909821 -0.188937 2.140987
v 0.924963 -0.216506 2.176619
v 0.941871 -0.236250 2.216408
v 0.959936 -0.247455 2.258917
v 0.978503 -0.249717 2.302610
v 0.996903 -0.242953 2.345907
v 1.014469 -0.227408 2.387243
v 1.030567 -0.203644 2.425125
v 1.044615 -0.172520 2.458183
v 1.056105 -0.135160 2.485223
v 1.064623 -0.092916 2.505267
v 1.069860 -0.047313 2.517591
v 1.427375 0.000000 2.338846
v 1.425022 0.047313 2.334989
v 1.418046 0.092916 2.323559
v 1.406701 0.135160 2.304969
v 1.391396 0.172520 2.279891
v 1.372684 0.203644 2.249231
v 1.351242 0.227408 2.214096
v 1.327845 0.242953 2.175758
v 1.303337 0.249717 2.135601
v 1.278606 0.247455 2.095078
v 1.254545 0.236250 2.055651
v 1.232023 0.216506 2.018748
v 1.211855 0.188937 1.985701
v 1.194769 0.154540 1.957705
v 1.181383 0.114557 1.935771
v 1.172181 0.070433 1.920693
v 1.167495 0.023764 1.913015
v 1.167495 -0.023764 1.913015
v 1.172181 -0.070433 1.920693
v 1.181383 -0.114557 1.935771
v 1.194769 -0.154540 1.957705
v 1.211855 -0.188937 1.985701
v 1.232023 -0.216506 2.018748
v 1.254545 -0.236250 2.055651
v 1.278606 -0.247455 2.095078
v 1.303337 -0.249717 2.135601
v 1.327845 -0.242953 2.175758
v 1.351242 -0.227408 2.214096
v 1.372684 -0.203644 2.249231
v 1.391396 -0.172520 2.279891
v 1.406701 -0.135160 2.304969
v 1.418046 -0.092916 2.323559
v 1.425022 -0.047313 2.334989
v 1.752704 0.000000 2.106093
v 1.749814 0.047313 2.102621
v 1.741249 0.092916 2.092328
v 1.727318 0.135160 2.075588
v 1.708524 0.172520 2.053005
v 1.685548 0.203644 2.025396
v 1.659218 0.227408 1.993758
v 1.630488 0.242953 1.959235
v 1.600395 0.249717 1.923075
v 1.570027 0.247455 1.886584
v 1.540482 0.236250 1.851081
v 1.512827 0.216506 1.817850
v 1.488062 0.188937 1.788092
v 1.467082 0.154540 1.762882
v 1.450645 0.114557 1.743131
v 1.439345 0.070433 1.729554
v 1.433592 0.023764 1.722640
v 1.433592 -0.023764 1.722640
v 1.439345 -0.070433 1.729554
v 1.450645 -0.114557 1.743131
v 1.467082 -0.154540 1.762882
v 1.488062 -0.188937 1.788092
v 1.512827 -0.216506 1.817850
v 1.540482 -0.236250 1.851081
v 1.570027 -0.247455 1.886584
v 1.600395 -0.249717 1.923075
v 1.630488 -0.242953 1.959235
v 1.659218 -0.227408 1.993758
v 1.685548 -0.203644 2.025396
v 1.708524 -0.172520 2.053005
v 1.727318 -0.135160 2.075588
v 1.741249 -0.092916 2.092328
v 1.749814 -0.047313 2.102621
v 2.040675 0.000000 1.828455
v 2.037310 0.047313 1.825440
v 2.027337 0.092916 1.816504
v 2.011117 0.135160 1.801971
v 1.989236 0.172520 1.782365
v 1.962484 0.203644 1.758396
v 1.931829 0.227408 1.730928
v 1.898378 0.242953 1.700956
v 1.863341 0.249717 1.669563
v 1.827984 0.247455 1.637882
v 1.793584 0.236250 1.607060
v 1.761385 0.216506 1.578210
v 1.732551 0.188937 1.552374
v 1.708124 0.154540 1.530488
v 1.688987 0.114557 1.513340
v 1.675831 0.070433 1.501553
v 1.669132 0.023764 1.495550
v 1.669132 -0.023764 1.495550
v 1.675831 -0.070433 1.501553
v 1.688987 -0.114557 1.513340
v 1.708124 -0.154540 1.530488
v 1.732551 -0.188937 1.552374
v 1.761385 -0.216506 1.578210
v 1.793584 -0.236250 1.607060
v 1.827984 -0.247455 1.637882
v 1.863341 -0.249717 1.669563
v 1.898378 -0.242953 1.700956
v 1.931829 -0.227408 1.730928
v 1.962484 -0.203644 1.758396
v 1.989236 -0.172520 1.782365
v 2.011117 -0.135160 1.801971
v 2.027337 -0.092916 1.816504
v 2.037310 -0.047313 1.825440
v 2.285154 0.000000 1.511844
v 2.281386 0.047313 1.509351
v 2.270219 0.092916 1.501963
v 2.252055 0.135160 1.489946
v 2.227553 0.172520 1.473735
v 2.197596 0.203644 1.453916
v 2.163268 0.227408 1.431205
v 2.125810 0.242953 1.406423
v 2.086575 0.249717 1.380465
v 2.046982 0.247455 1.354271
v 2.008461 0.236250 1.328785
v 1.972405 0.216506 1.304931
v 1.940116 0.188937 1.283569
v 1.912763 0.154540 1.265472
v 1.891333 0.114557 1.251294
v 1.876601 0.070433 1.241548
v 1.869099 0.023764 1.236585
v 1.869099 -0.023764 1.236585
v 1.876601 -0.070433 1.241548
v 1.891333 -0.114557 1.251294
v 1.912763 -0.154540 1.265472
v 1.940116 -0.188937 1.283569
v 1.972405 -0.216506 1.304931
v 2.008461 -0.236250 1.328785
v 2.046982 -0.247455 1.354271
v 2.086575 -0.249717 1.380465
v 2.125810 -0.242953 1.406423
v 2.163268 -0.227408 1.431205
v 2.197596 -0.203644 1.453916
v 2.227553 -0.172520 1.473735
v 2.252055 -0.135160 1.489946
v 2.270219 -0.092916 1.501963
v 2.281386 -0.047313 1.509351
v 2.480927 0.000000 1.163013
v 2.476837 0.047313 1.161095
v 2.464713 0.092916 1.155412
v 2.444993 0.135160 1.146168
v 2.418391 0.172520 1.133697
v 2.385868 0.203644 1.118451
v 2.348599 0.227408 1.100980
v 2.307932 0.242953 1.081916
v 2.265336 0.249717 1.061948
v 2.222351 0.247455 1.041797
v 2.180530 0.236250 1.022192
v 2.141384 0.216506 1.003841
v 2.106330 0.188937 0.987408
v 2.076633 0.154540 0.973487
v 2.053367 0.114557 0.962580
v 2.037373 0.070433 0.955083
v 2.029228 0.023764 0.951265
v 2.029228 -0.023764 0.951265
v 2.037373 -0.070433 0.955083
v 2.053367 -0.114557 0.962580
v 2.076633 -0.154540 0.973487
v 2.106330 -0.188937 0.987408
v 2.141384 -0.216506 1.003841
v 2.180530 -0.236250 1.022192
v 2.222351 -0.247455 1.041797
v 2.265336 -0.249717 1.061948
v 2.307932 -0.242953 1.081916
v 2.348599 -0.227408 1.100980
v 2.385868 -0.203644 1.118451
v 2.418391 -0.172520 1.133697
v 2.444993 -0.135160 1.146168
v 2.464713 -0.092916 1.155412
v 2.476837 -0.047313 1.161095
v 2.623826 0.000000 0.789392
v 2.619499 0.047313 0.788090
v 2.606677 0.092916 0.784233
v 2.585821 0.135160 0.777958
v 2.557687 0.172520 0.769494
v 2.523291 0.203644 0.759146
v 2.483876 0.227408 0.747287
v 2.440866 0.242953 0.734348
v 2.395816 0.249717 0.720794
v 2.350355 0.247455 0.707117
v 2.306125 0.236250 0.693810
v 2.264725 0.216506 0.681355
v 2.227652 0.188937 0.670201
v 2.196244 0.154540 0.660752
v 2.171638 0.114557 0.653349
v 2.154723 0.070433 0.648260
v 2.146109 0.023764 0.645668
v 2.146109 -0.023764 0.645668
v 2.154723 -0.070433 0.648260
v 2.171638 -0.114557 0.653349
v 2.196244 -0.154540 0.660752
v 2.227652 -0.188937 0.670201
v 2.264725 -0.216506 0.681355
v 2.306125 -0.236250 0.693810
v 2.350355 -0.247455 0.707117
v 2.395816 -0.249717 0.720794
v 2.440866 -0.242953 0.734348
v 2.483876 -0.227408 0.747287
v 2.523291 -0.203644 0.759146
v 2.557687 -0.172520 0.769494
v 2.585821 -0.135160 0.777958
v 2.606677 -0.092916 0.784233
v 2.619499 -0.047313 0.788090
v 2.710801 0.000000 0.398946
v 2.706331 0.047313 0.398289
v 2.693084 0.092916 0.396339
v 2.671537 0.135160 0.393168
v 2.642470 0.172520 0.388890
v 2.606934 0.203644 0.383660
v 2.566212 0.227408 0.377667
v 2.521777 0.242953 0.371128
v 2.475234 0.249717 0.364278
v 2.428266 0.247455 0.357366
v 2.382569 0.236250 0.350641
v 2.339797 0.216506 0.344346
v 2.301495 0.188937 0.338709
v 2.269046 0.154540 0.333934
v 2.243624 0.114557 0.330192
v 2.226148 0.070433 0.327620
v 2.217249 0.023764 0.326311
v 2.217249 -0.023764 0.326311
v 2.226148 -0.070433 0.327620
v 2.243624 -0.114557 0.330192
v 2.269046 -0.154540 0.333934
v 2.301495 -0.188937 0.338709
v 2.339797 -0.216506 0.344346
v 2.382569 -0.236250 0.350641
v 2.428266 -0.247455 0.357366
v 2.475234 -0.249717 0.364278
v 2.521777 -0.242953 0.371128
v 2.566212 -0.227408 0.377667
v 2.606934 -0.203644 0.383660
v 2.642470 -0.172520 0.388890
v 2.671537 -0.135160 0.393168
v 2.693084 -0.092916 0.396339
v 2.706331 -0.047313 0.398289
vn 0.9928 0.0948 -0.0727
vn 0.9571 0.2810 -0.0701
vn 0.8870 0.4573 -0.0649
vn 0.7848 0.6171 -0.0574
vn 0.6541 0.7549 -0.0479
vn 0.4997 0.8654 -0.0366
vn 0.3270 0.9447 -0.0239
vn 0.1423 0.9898 -0.0104
vn -0.0476 0.9989 0.0035
vn -0.2357 0.9717 0.0173
vn -0.4152 0.9092 0.0304
vn -0.5795 0.8138 0.0424
vn -0.7227 0.6891 0.0529
vn -0.8397 0.5396 0.0615
vn -0.9262 0.3708 0.0678
vn -0.9794 0.1888 0.0717
vn -0.9973 -0.0000 0.0730
vn -0.9794 -0.1888 0.0717
vn -0.9262 -0.3708 0.0678
vn -0.8397 -0.5396 0.0615
vn -0.7227 -0.6891 0.0529
vn -0.5795 -0.8138 0.0424
vn -0.4152 -0.9092 0.0304
vn -0.2357 -0.9717 0.0173
vn -0.0476 -0.9989 0.0035
vn 0.1423 -0.9898 -0.0104
vn 0.3270 -0.9447 -0.0239
vn 0.4997 -0.8654 -0.0366
vn 0.6541 -0.7549 -0.0479
vn 0.7848 -0.6171 -0.0574
vn 0.8870 -0.4573 -0.0649
vn 0.9571 -0.2810 -0.0701
vn 0.9928 -0.0948 -0.0727
vn 0.9717 0.0948 -0.2165
vn 0.9367 0.2810 -0.2087
vn 0.8681 0.4573 -0.1934
vn 0.7680 0.6171 -0.1711
vn 0.6402 0.7549 -0.1426
vn 0.4890 0.8654 -0.1089
vn 0.3200 0.9447 -0.0713
vn 0.1393 0.9898 -0.0310
vn -0.0466 0.9989 0.0104
vn -0.2307 0.9717 0.0514
vn -0.4064 0.9092 0.0905
vn -0.5672 0.8138 0.1263
vn -0.7073 0.6891 0.1576
vn -0.8218 0.5396 0.1831
vn -0.9065 0.3708 0.2019
vn -0.9585 0.1888 0.2135
vn -0.9761 -0.0000 0.2174
vn -0.9585 -0.1888 0.2135
vn -0.9065 -0.3708 0.2019
vn -0.8218 -0.5396 0.1831
vn -0.7073 -0.6891 0.1576
vn -0.5672 -0.8138 0.1263
vn -0.4064 -0.9092 0.0905
vn -0.2307 -0.9717 0.0514
vn -0.0466 -0.9989 0.0104
vn 0.1393 -0.9898 -0.0310
vn 0.3200 -0.9447 -0.0713
vn 0.4890 -0.8654 -0.1089
vn 0.6402 -0.7549 -0.1426
vn 0.7680 -0.6171 -0.1711
vn 0.8681 -0.4573 -0.1934
vn 0.9367 -0.2810 -0.2087
vn 0.9717 -0.0948 -0.2165
vn 0.9298 0.0948 -0.3556
vn 0.8964 0.2810 -0.3428
vn 0.8307 0.4573 -0.3177
vn 0.7349 0.6171 -0.2811
vn 0.6126 0.7549 -0.2343
vn 0.4679 0.8654 -0.1790
vn 0.3062 0.9447 -0.1171
vn 0.1333 0.9898 -0.0510
vn -0.0446 0.9989 0.0170
vn -0.2208 0.9717 0.0844
vn -0.3889 0.9092 0.1487
vn -0.5427 0.8138 0.2076
vn -0.6768 0.6891 0.2589
vn -0.7864 0.5396 0.3008
vn -0.8674 0.3708 0.3318
vn -0.9172 0.1888 0.3508
vn -0.9340 -0.0000 0.3572
vn -0.9172 -0.1888 0.3508
vn -0.8674 -0.3708 0.3318
vn -0.7864 -0.5396 0.3008
vn -0.6768 -0.6891 0.2589
vn -0.5427 -0.8138 0.2076
vn -0.3889 -0.9092 0.1487
vn -0.2208 -0.9717 0.0844
vn -0.0446 -0.9989 0.0170
vn 0.1333 -0.9898 -0.0510
vn 0.3062 -0.9447 -0.1171
vn 0.4679 -0.8654 -0.1790
vn 0.6126 -0.7549 -0.2343
vn 0.7349 -0.6171 -0.2811
vn 0.8307 -0.4573 -0.3177
vn 0.8964 -0.2810 -0.3428
vn 0.9298 -0.0948 -0.3556
vn 0.8681 0.0948 -0.4872
vn 0.8369 0.2810 -0.4697
vn 0.7755 0.4573 -0.4353
vn 0.6862 0.6171 -0.3851
vn 0.5719 0.7549 -0.3210
vn 0.4369 0.8654 -0.2452
vn 0.2859 0.9447 -0.1605
vn 0.1244 0.9898 -0.0698
vn -0.0416 0.9989 0.0233
vn -0.2061 0.9717 0.1157
vn -0.3631 0.9092 0.2038
vn -0.5067 0.8138 0.2844
vn -0.6319 0.6891 0.3547
vn -0.7342 0.5396 0.4120
vn -0.8099 0.3708 0.4545
vn -0.8564 0.1888 0.4806
vn -0.8720 -0.0000 0.4894
vn -0.8564 -0.1888 0.4806
vn -0.8099 -0.3708 0.4545
vn -0.7342 -0.5396 0.4120
vn -0.6319 -0.6891 0.3547
vn -0.5067 -0.8138 0.2844
vn -0.3631 -0.9092 0.2038
vn -0.2061 -0.9717 0.1157
vn -0.0416 -0.9989 0.0233
vn 0.1244 -0.9898 -0.0698
vn 0.2859 -0.9447 -0.1605
vn 0.4369 -0.8654 -0.2452
vn 0.5719 -0.7549 -0.3210
vn 0.6862 -0.6171 -0.3851
vn 0.7755 -0.4573 -0.4353
vn 0.8369 -0.2810 -0.4697
vn 0.8681 -0.0948 -0.4872
vn 0.7879 0.0948 -0.6084
vn 0.7596 0.2810 -0.5865
vn 0.7039 0.4573 -0.5435
vn 0.6228 0.6171 -0.4809
vn 0.5191 0.7549 -0.4008
vn 0.3965 0.8654 -0.3062
vn 0.2595 0.9447 -0.2004
vn 0.1129 0.9898 -0.0872
vn -0.0378 0.9989 0.0292
vn -0.1871 0.9717 0.1445
vn -0.3295 0.9092 0.2545
vn -0.4599 0.8138 0.3551
vn -0.5736 0.6891 0.4429
vn -0.6664 0.5396 0.5146
vn -0.7351 0.3708 0.5676
vn -0.7773 0.1888 0.6002
vn -0.7915 -0.0000 0.6112
vn -0.7773 -0.1888 0.6002
vn -0.7351 -0.3708 0.5676
vn -0.6664 -0.5396 0.5146
vn -0.5736 -0.6891 0.4429
vn -0.4599 -0.8138 0.3551
vn -0.3295 -0.9092 0.2545
vn -0.1871 -0.9717 0.1445
vn -0.0378 -0.9989 0.0292
vn 0.1129 -0.9898 -0.0872
vn 0.2595 -0.9447 -0.2004
vn 0.3965 -0.8654 -0.3062
vn 0.5191 -0.7549 -0.4008
vn 0.6228 -0.6171 -0.4809
vn 0.7039 -0.4573 -0.5435
vn 0.7596 -0.2810 -0.5865
vn 0.7879 -0.0948 -0.6084
vn 0.6909 0.0948 -0.7167
vn 0.6661 0.2810 -0.6909
vn 0.6173 0.4573 -0.6402
vn 0.5461 0.6171 -0.5665
vn 0.4552 0.7549 -0.4722
vn 0.3477 0.8654 -0.3607
vn 0.2276 0.9447 -0.2360
vn 0.0990 0.9898 -0.1027
vn -0.0331 0.9989 0.0343
vn -0.1640 0.9717 0.1702
vn -0.2890 0.9092 0.2997
vn -0.4033 0.8138 0.4183
vn -0.5030 0.6891 0.5217
vn -0.5843 0.5396 0.6061
vn -0.6446 0.3708 0.6686
vn -0.6816 0.1888 0.7070
vn -0.6941 -0.0000 0.7199
vn -0.6816 -0.1888 0.7070
vn -0.6446 -0.3708 0.6686
vn -0.5843 -0.5396 0.6061
vn -0.5030 -0.6891 0.5217
vn -0.4033 -0.8138 0.4183
vn -0.2890 -0.9092 0.2997
vn -0.1640 -0.9717 0.1702
vn -0.0331 -0.9989 0.0343
vn 0.0990 -0.9898 -0.1027
vn 0.2276 -0.9447 -0.2360
vn 0.3477 -0.8654 -0.3607
vn 0.4552 -0.7549 -0.4722
vn 0.5461 -0.6171 -0.5665
vn 0.6173 -0.4573 -0.6402
vn 0.6661 -0.2810 -0.6909
vn 0.6909 -0.0948 -0.7167
vn 0.5792 0.0948 -0.8096
vn 0.5584 0.2810 -0.7805
vn 0.5175 0.4573 -0.7233
vn 0.4578 0.6171 -0.6399
vn 0.3816 0.7549 -0.5334
vn 0.2915 0.8654 -0.4075
vn 0.1908 0.9447 -0.2666
vn 0.0830 0.9898 -0.1160
vn -0.0278 0.9989 0.0388
vn -0.1375 0.9717 0.1922
vn -0.2422 0.9092 0.3386
vn -0.3381 0.8138 0.4726
vn -0.4216 0.6891 0.5894
vn -0.4899 0.5396 0.6847
vn -0.5404 0.3708 0.7553
vn -0.5714 0.1888 0.7987
vn -0.5819 -0.0000 0.8133
vn -0.5714 -0.1888 0.7987
vn -0.5404 -0.3708 0.7553
vn -0.4899 -0.5396 0.6847
vn -0.4216 -0.6891 0.5894
vn -0.3381 -0.8138 0.4726
vn -0.2422 -0.9092 0.3386
vn -0.1375 -0.9717 0.1922
vn -0.0278 -0.9989 0.0388
vn 0.0830 -0.9898 -0.1160
vn 0.1908 -0.9447 -0.2666
vn 0.2915 -0.8654 -0.4075
vn 0.3816 -0.7549 -0.5334
vn 0.4578 -0.6171 -0.6399
vn 0.5175 -0.4573 -0.7233
vn 0.5584 -0.2810 -0.7805
vn 0.5792 -0.0948 -0.8096
vn 0.4552 0.0948 -0.8853
vn 0.4388 0.2810 -0.8535
vn 0.4066 0.4573 -0.7909
vn 0.3598 0.6171 -0.6998
vn 0.2999 0.7549 -0.5833
vn 0.2291 0.8654 -0.4456
vn 0.1499 0.9447 -0.2916
vn 0.0652 0.9898 -0.1269
vn -0.0218 0.9989 0.0424
vn -0.1081 0.9717 0.2102
vn -0.1904 0.9092 0.3703
vn -0.2657 0.8138 0.5168
vn -0.3313 0.6891 0.6445
vn -0.3850 0.5396 0.7487
vn -0.4246 0.3708 0.8259
vn -0.4490 0.1888 0.8734
vn -0.4572 -0.0000 0.8893
vn -0.4490 -0.1888 0.8734
vn -0.4246 -0.3708 0.8259
vn -0.3850 -0.5396 0.7487
vn -0.3313 -0.6891 0.6445
vn -0.2657 -0.8138 0.5168
vn -0.1904 -0.9092 0.3703
vn -0.1081 -0.9717 0.2102
vn -0.0218 -0.9989 0.0424
vn 0.0652 -0.9898 -0.1269
vn 0.1499 -0.9447 -0.2916
vn 0.2291 -0.8654 -0.4456
vn 0.2999 -0.7549 -0.5833
vn 0.3598 -0.6171 -0.6998
vn 0.4066 -0.4573 -0.7909
vn 0.4388 -0.2810 -0.8535
vn 0.4552 -0.0948 -0.8853
vn 0.3214 0.0948 -0.9422
vn 0.3099 0.2810 -0.9083
vn 0.2871 0.4573 -0.8417
vn 0.2541 0.6171 -0.7447
vn 0.2118 0.7549 -0.6207
vn 0.1618 0.8654 -0.4742
vn 0.1059 0.9447 -0.3103
vn 0.0461 0.9898 -0.1350
vn -0.0154 0.9989 0.0452
vn -0.0763 0.9717 0.2237
vn -0.1344 0.9092 0.3940
vn -0.1876 0.8138 0.5500
vn -0.2340 0.6891 0.6858
vn -0.2718 0.5396 0.7968
vn -0.2999 0.3708 0.8790
vn -0.3171 0.1888 0.9294
vn -0.3229 -0.0000 0.9464
vn -0.3171 -0.1888 0.9294
vn -0.2999 -0.3708 0.8790
vn -0.2718 -0.5396 0.7968
vn -0.2340 -0.6891 0.6858
vn -0.1876 -0.8138 0.5500
vn -0.1344 -0.9092 0.3940
vn -0.0763 -0.9717 0.2237
vn -0.0154 -0.9989 0.0452
vn 0.0461 -0.9898 -0.1350
vn 0.1059 -0.9447 -0.3103
vn 0.1618 -0.8654 -0.4742
vn 0.2118 -0.7549 -0.6207
vn 0.2541 -0.6171 -0.7447
vn 0.2871 -0.4573 -0.8417
vn 0.3099 -0.2810 -0.9083
vn 0.3214 -0.0948 -0.9422
vn 0.1808 0.0948 -0.9789
vn 0.1743 0.2810 -0.9437
vn 0.1615 0.4573 -0.8745
vn 0.1429 0.6171 -0.7738
vn 0.1191 0.7549 -0.6450
vn 0.0910 0.8654 -0.4927
vn 0.0595 0.9447 -0.3224
vn 0.0259 0.9898 -0.1403
vn -0.0087 0.9989 0.0469
vn -0.0429 0.9717 0.2324
vn -0.0756 0.9092 0.4094
vn -0.1055 0.8138 0.5714
vn -0.1316 0.6891 0.7126
vn -0.1529 0.5396 0.8279
vn -0.1687 0.3708 0.9133
vn -0.1784 0.1888 0.9657
vn -0.1816 -0.0000 0.9834
vn -0.1784 -0.1888 0.9657
vn -0.1687 -0.3708 0.9133
vn -0.1529 -0.5396 0.8279
vn -0.1316 -0.6891 0.7126
vn -0.1055 -0.8138 0.5714
vn -0.0756 -0.9092 0.4094
vn -0.0429 -0.9717 0.2324
vn -0.0087 -0.9989 0.0469
vn 0.0259 -0.9898 -0.1403
vn 0.0595 -0.9447 -0.3224
vn 0.0910 -0.8654 -0.4927
vn 0.1191 -0.7549 -0.6450
vn 0.1429 -0.6171 -0.7738
vn 0.1615 -0.4573 -0.8745
vn 0.1743 -0.2810 -0.9437
vn 0.1808 -0.0948 -0.9789
vn 0.0364 0.0948 -0.9948
vn 0.0351 0.2810 -0.9591
vn 0.0325 0.4573 -0.8887
vn 0.0287 0.6171 -0.7863
vn 0.0240 0.7549 -0.6554
vn 0.0183 0.8654 -0.5007
vn 0.0120 0.9447 -0.3276
vn 0.0052 0.9898 -0.1426
vn -0.0017 0.9989 0.0477
vn -0.0086 0.9717 0.2362
vn -0.0152 0.9092 0.4161
vn -0.0212 0.8138 0.5807
vn -0.0265 0.6891 0.7242
vn -0.0307 0.5396 0.8413
vn -0.0339 0.3708 0.9281
vn -0.0359 0.1888 0.9814
vn -0.0365 -0.0000 0.9993
vn -0.0359 -0.1888 0.9814
vn -0.0339 -0.3708 0.9281
vn -0.0307 -0.5396 0.8413
vn -0.0265 -0.6891 0.7242
vn -0.0212 -0.8138 0.5807
vn -0.0152 -0.9092 0.4161
vn -0.0086 -0.9717 0.2362
vn -0.0017 -0.9989 0.0477
vn 0.0052 -0.9898 -0.1426
vn 0.0120 -0.9447 -0.3276
vn 0.0183 -0.8654 -0.5007
vn 0.0240 -0.7549 -0.6554
vn 0.0287 -0.6171 -0.7863
vn 0.0325 -0.4573 -0.8887
vn 0.0351 -0.2810 -0.9591
vn 0.0364 -0.0948 -0.9948
vn -0.1089 0.0948 -0.9895
vn -0.1050 0.2810 -0.9539
vn -0.0973 0.4573 -0.8840
vn -0.0861 0.6171 -0.7821
vn -0.0717 0.7549 -0.6519
vn -0.0548 0.8654 -0.4980
vn -0.0359 0.9447 -0.3259
vn -0.0156 0.9898 -0.1418
vn 0.0052 0.9989 0.0474
vn 0.0259 0.9717 0.2349
vn 0.0455 0.9092 0.4138
vn 0.0636 0.8138 0.5776
vn 0.0793 0.6891 0.7203
vn 0.0921 0.5396 0.8369
vn 0.1016 0.3708 0.9231
vn 0.1074 0.1888 0.9761
vn 0.1094 -0.0000 0.9940
vn 0.1074 -0.1888 0.9761
vn 0.1016 -0.3708 0.9231
vn 0.0921 -0.5396 0.8369
vn 0.0793 -0.6891 0.7203
vn 0.0636 -0.8138 0.5776
vn 0.0455 -0.9092 0.4138
vn 0.0259 -0.9717 0.2349
vn 0.0052 -0.9989 0.0474
vn -0.0156 -0.9898 -0.1418
vn -0.0359 -0.9447 -0.3259
vn -0.0548 -0.8654 -0.4980
vn -0.0717 -0.7549 -0.6519
vn -0.0861 -0.6171 -0.7821
vn -0.0973 -0.4573 -0.8840
vn -0.1050 -0.2810 -0.9539
vn -0.1089 -0.0948 -0.9895
vn -0.2518 0.0948 -0.9631
vn -0.2427 0.2810 -0.9285
vn -0.2249 0.4573 -0.8604
vn -0.1990 0.6171 -0.7613
vn -0.1659 0.7549 -0.6345
vn -0.1267 0.8654 -0.4847
vn -0.0829 0.9447 -0.3172
vn -0.0361 0.9898 -0.1380
vn 0.0121 0.9989 0.0462
vn 0.0598 0.9717 0.2287
vn 0.1053 0.9092 0.4028
vn 0.1470 0.8138 0.5622
vn 0.1833 0.6891 0.7011
vn 0.2129 0.5396 0.8145
vn 0.2349 0.3708 0.8985
vn 0.2484 0.1888 0.9501
vn 0.2529 -0.0000 0.9675
vn 0.2484 -0.1888 0.9501
vn 0.2349 -0.3708 0.8985
vn 0.2129 -0.5396 0.8145
vn 0.1833 -0.6891 0.7011
vn 0.1470 -0.8138 0.5622
vn 0.1053 -0.9092 0.4028
vn 0.0598 -0.9717 0.2287
vn 0.0121 -0.9989 0.0462
vn -0.0361 -0.9898 -0.1380
vn -0.0829 -0.9447 -0.3172
vn -0.1267 -0.8654 -0.4847
vn -0.1659 -0.7549 -0.6345
vn -0.1990 -0.6171 -0.7613
vn -0.2249 -0.4573 -0.8604
vn -0.2427 -0.2810 -0.9285
vn -0.2518 -0.0948 -0.9631
vn -0.3893 0.0948 -0.9162
vn -0.3753 0.2810 -0.8833
vn -0.3478 0.4573 -0.8185
vn -0.3077 0.6171 -0.7242
vn -0.2565 0.7549 -0.6036
vn -0.1959 0.8654 -0.4611
vn -0.1282 0.9447 -0.3017
vn -0.0558 0.9898 -0.1313
vn 0.0187 0.9989 0.0439
vn 0.0924 0.9717 0.2175
vn 0.1628 0.9092 0.3832
vn 0.2273 0.8138 0.5348
vn 0.2834 0.6891 0.6669
vn 0.3293 0.5396 0.7748
vn 0.3632 0.3708 0.8547
vn 0.3841 0.1888 0.9038
vn 0.3911 -0.0000 0.9203
vn 0.3841 -0.1888 0.9038
vn 0.3632 -0.3708 0.8547
vn 0.3293 -0.5396 0.7748
vn 0.2834 -0.6891 0.6669
vn 0.2273 -0.8138 0.5348
vn 0.1628 -0.9092 0.3832
vn 0.0924 -0.9717 0.2175
vn 0.0187 -0.9989 0.0439
vn -0.0558 -0.9898 -0.1313
vn -0.1282 -0.9447 -0.3017
vn -0.1959 -0.8654 -0.4611
vn -0.2565 -0.7549 -0.6036
vn -0.3077 -0.6171 -0.7242
vn -0.3478 -0.4573 -0.8185
vn -0.3753 -0.2810 -0.8833
vn -0.3893 -0.0948 -0.9162
vn -0.5186 0.0948 -0.8497
vn -0.4999 0.2810 -0.8192
vn -0.4633 0.4573 -0.7591
vn -0.4099 0.6171 -0.6717
vn -0.3417 0.7549 -0.5598
vn -0.2610 0.8654 -0.4276
vn -0.1708 0.9447 -0.2799
vn -0.0743 0.9898 -0.1218
vn 0.0249 0.9989 0.0407
vn 0.1231 0.9717 0.2017
vn 0.2169 0.9092 0.3554
vn 0.3027 0.8138 0.4960
vn 0.3775 0.6891 0.6186
vn 0.4386 0.5396 0.7186
vn 0.4838 0.3708 0.7927
vn 0.5116 0.1888 0.8382
vn 0.5209 -0.0000 0.8536
vn 0.5116 -0.1888 0.8382
vn 0.4838 -0.3708 0.7927
vn 0.4386 -0.5396 0.7186
vn 0.3775 -0.6891 0.6186
vn 0.3027 -0.8138 0.4960
vn 0.2169 -0.9092 0.3554
vn 0.1231 -0.9717 0.2017
vn 0.0249 -0.9989 0.0407
vn -0.0743 -0.9898 -0.1218
vn -0.1708 -0.9447 -0.2799
vn -0.2610 -0.8654 -0.4276
vn -0.3417 -0.7549 -0.5598
vn -0.4099 -0.6171 -0.6717
vn -0.4633 -0.4573 -0.7591
vn -0.4999 -0.2810 -0.8192
vn -0.5186 -0.0948 -0.8497
vn -0.6368 0.0948 -0.7652
vn -0.6139 0.2810 -0.7377
vn -0.5689 0.4573 -0.6836
vn -0.5033 0.6171 -0.6048
vn -0.4195 0.7549 -0.5041
vn -0.3205 0.8654 -0.3851
vn -0.2097 0.9447 -0.2520
vn -0.0913 0.9898 -0.1097
vn 0.0305 0.9989 0.0367
vn 0.1512 0.9717 0.1817
vn 0.2663 0.9092 0.3200
vn 0.3717 0.8138 0.4466
vn 0.4635 0.6891 0.5570
vn 0.5385 0.5396 0.6471
vn 0.5941 0.3708 0.7139
vn 0.6282 0.1888 0.7548
vn 0.6397 -0.0000 0.7686
vn 0.6282 -0.1888 0.7548
vn 0.5941 -0.3708 0.7139
vn 0.5385 -0.5396 0.6471
vn 0.4635 -0.6891 0.5570
vn 0.3717 -0.8138 0.4466
vn 0.2663 -0.9092 0.3200
vn 0.1512 -0.9717 0.1817
vn 0.0305 -0.9989 0.0367
vn -0.0913 -0.9898 -0.1097
vn -0.2097 -0.9447 -0.2520
vn -0.3205 -0.8654 -0.3851
vn -0.4195 -0.7549 -0.5041
vn -0.5033 -0.6171 -0.6048
vn -0.5689 -0.4573 -0.6836
vn -0.6139 -0.2810 -0.7377
vn -0.6368 -0.0948 -0.7652
vn -0.7414 0.0948 -0.6643
vn -0.7148 0.2810 -0.6404
vn -0.6623 0.4573 -0.5935
vn -0.5860 0.6171 -0.5251
vn -0.4885 0.7549 -0.4377
vn -0.3731 0.8654 -0.3343
vn -0.2442 0.9447 -0.2188
vn -0.1063 0.9898 -0.0952
vn 0.0355 0.9989 0.0318
vn 0.1760 0.9717 0.1577
vn 0.3101 0.9092 0.2778
vn 0.4328 0.8138 0.3878
vn 0.5397 0.6891 0.4836
vn 0.6270 0.5396 0.5618
vn 0.6917 0.3708 0.6197
vn 0.7314 0.1888 0.6553
vn 0.7448 -0.0000 0.6673
vn 0.7314 -0.1888 0.6553
vn 0.6917 -0.3708 0.6197
vn 0.6270 -0.5396 0.5618
vn 0.5397 -0.6891 0.4836
vn 0.4328 -0.8138 0.3878
vn 0.3101 -0.9092 0.2778
vn 0.1760 -0.9717 0.1577
vn 0.0355 -0.9989 0.0318
vn -0.1063 -0.9898 -0.0952
vn -0.2442 -0.9447 -0.2188
vn -0.3731 -0.8654 -0.3343
vn -0.4885 -0.7549 -0.4377
vn -0.5860 -0.6171 -0.5251
vn -0.6623 -0.4573 -0.5935
vn -0.7148 -0.2810 -0.6404
vn -0.7414 -0.0948 -0.6643
vn -0.8302 0.0948 -0.5493
vn -0.8004 0.2810 -0.5295
vn -0.7417 0.4573 -0.4907
vn -0.6562 0.6171 -0.4342
vn -0.5470 0.7549 -0.3619
vn -0.4178 0.8654 -0.2764
vn -0.2734 0.9447 -0.1809
vn -0.1190 0.9898 -0.0787
vn 0.0398 0.9989 0.0263
vn 0.1971 0.9717 0.1304
vn 0.3472 0.9092 0.2297
vn 0.4846 0.8138 0.3206
vn 0.6044 0.6891 0.3998
vn 0.7021 0.5396 0.4645
vn 0.7745 0.3708 0.5124
vn 0.8190 0.1888 0.5418
vn 0.8340 -0.0000 0.5518
vn 0.8190 -0.1888 0.5418
vn 0.7745 -0.3708 0.5124
vn 0.7021 -0.5396 0.4645
vn 0.6044 -0.6891 0.3998
vn 0.4846 -0.8138 0.3206
vn 0.3472 -0.9092 0.2297
vn 0.1971 -0.9717 0.1304
vn 0.0398 -0.9989 0.0263
vn -0.1190 -0.9898 -0.0787
vn -0.2734 -0.9447 -0.1809
vn -0.4178 -0.8654 -0.2764
vn -0.5470 -0.7549 -0.3619
vn -0.6562 -0.6171 -0.4342
vn -0.7417 -0.4573 -0.4907
vn -0.8004 -0.2810 -0.5295
vn -0.8302 -0.0948 -0.5493
vn -0.9014 0.0948 -0.4225
vn -0.8690 0.2810 -0.4073
vn -0.8052 0.4573 -0.3775
vn -0.7125 0.6171 -0.3340
vn -0.5938 0.7549 -0.2784
vn -0.4536 0.8654 -0.2127
vn -0.2969 0.9447 -0.1392
vn -0.1292 0.9898 -0.0606
vn 0.0432 0.9989 0.0203
vn 0.2140 0.9717 0.1003
vn 0.3770 0.9092 0.1767
vn 0.5261 0.8138 0.2466
vn 0.6561 0.6891 0.3076
vn 0.7623 0.5396 0.3574
vn 0.8409 0.3708 0.3942
vn 0.8892 0.1888 0.4168
vn 0.9054 -0.0000 0.4245
vn 0.8892 -0.1888 0.4168
vn 0.8409 -0.3708 0.3942
vn 0.7623 -0.5396 0.3574
vn 0.6561 -0.6891 0.3076
vn 0.5261 -0.8138 0.2466
vn 0.3770 -0.9092 0.1767
vn 0.2140 -0.9717 0.1003
vn 0.0432 -0.9989 0.0203
vn -0.1292 -0.9898 -0.0606
vn -0.2969 -0.9447 -0.1392
vn -0.4536 -0.8654 -0.2127
vn -0.5938 -0.7549 -0.2784
vn -0.7125 -0.6171 -0.3340
vn -0.8052 -0.4573 -0.3775
vn -0.8690 -0.2810 -0.4073
vn -0.9014 -0.0948 -0.4225
vn -0.9533 0.0948 -0.2868
vn -0.9190 0.2810 -0.2765
vn -0.8516 0.4573 -0.2562
vn -0.7535 0.6171 -0.2267
vn -0.6281 0.7549 -0.1890
vn -0.4798 0.8654 -0.1443
vn -0.3139 0.9447 -0.0945
vn -0.1366 0.9898 -0.0411
vn 0.0457 0.9989 0.0137
vn 0.2263 0.9717 0.0681
vn 0.3987 0.9092 0.1199
vn 0.5564 0.8138 0.1674
vn 0.6939 0.6891 0.2088
vn 0.8062 0.5396 0.2426
vn 0.8893 0.3708 0.2676
vn 0.9404 0.1888 0.2829
vn 0.9576 -0.0000 0.2881
vn 0.9404 -0.1888 0.2829
vn 0.8893 -0.3708 0.2676
vn 0.8062 -0.5396 0.2426
vn 0.6939 -0.6891 0.2088
vn 0.5564 -0.8138 0.1674
vn 0.3987 -0.9092 0.1199
vn 0.2263 -0.9717 0.0681
vn 0.0457 -0.9989 0.0137
vn -0.1366 -0.9898 -0.0411
vn -0.3139 -0.9447 -0.0945
vn -0.4798 -0.8654 -0.1443
vn -0.6281 -0.7549 -0.1890
vn -0.7535 -0.6171 -0.2267
vn -0.8516 -0.4573 -0.2562
vn -0.9190 -0.2810 -0.2765
vn -0.9533 -0.0948 -0.2868
vn -0.9849 0.0948 -0.1449
vn -0.9495 0.2810 -0.1397
vn -0.8799 0.4573 -0.1295
vn -0.7785 0.6171 -0.1146
vn -0.6489 0.7549 -0.0955
vn -0.4957 0.8654 -0.0729
vn -0.3244 0.9447 -0.0477
vn -0.1412 0.9898 -0.0208
vn 0.0472 0.9989 0.0069
vn 0.2338 0.9717 0.0344
vn 0.4119 0.9092 0.0606
vn 0.5749 0.8138 0.0846
vn 0.7169 0.6891 0.1055
vn 0.8329 0.5396 0.1226
vn 0.9188 0.3708 0.1352
vn 0.9716 0.1888 0.1430
vn 0.9893 -0.0000 0.1456
vn 0.9716 -0.1888 0.1430
vn 0.9188 -0.3708 0.1352
vn 0.8329 -0.5396 0.1226
vn 0.7169 -0.6891 0.1055
vn 0.5749 -0.8138 0.0846
vn 0.4119 -0.9092 0.0606
vn 0.2338 -0.9717 0.0344
vn 0.0472 -0.9989 0.0069
vn -0.1412 -0.9898 -0.0208
vn -0.3244 -0.9447 -0.0477
vn -0.4957 -0.8654 -0.0729
vn -0.6489 -0.7549 -0.0955
vn -0.7785 -0.6171 -0.1146
vn -0.8799 -0.4573 -0.1295
vn -0.9495 -0.2810 -0.1397
vn -0.9849 -0.0948 -0.1449
vn -0.9955 0.0948 -0.0000
vn -0.9597 0.2810 -0.0000
vn -0.8893 0.4573 -0.0000
vn -0.7869 0.6171 -0.0000
vn -0.6559 0.7549 -0.0000
vn -0.5010 0.8654 -0.0000
vn -0.3278 0.9447 -0.0000
vn -0.1427 0.9898 -0.0000
vn 0.0477 0.9989 -0.0000
vn 0.2364 0.9717 -0.0000
vn 0.4163 0.9092 -0.0000
vn 0.5811 0.8138 -0.0000
vn 0.7247 0.6891 -0.0000
vn 0.8419 0.5396 -0.0000
vn 0.9287 0.3708 -0.0000
vn 0.9820 0.1888 -0.0000
vn 1.0000 -0.0000 -0.0000
vn 0.9820 -0.1888 -0.0000
vn 0.9287 -0.3708 -0.0000
vn 0.8419 -0.5396 -0.0000
vn 0.7247 -0.6891 -0.0000
vn 0.5811 -0.8138 -0.0000
vn 0.4163 -0.9092 -0.0000
vn 0.2364 -0.9717 -0.0000
vn 0.0477 -0.9989 -0.0000
vn -0.1427 -0.9898 -0.0000
vn -0.3278 -0.9447 -0.0000
vn -0.5010 -0.8654 -0.0000
vn -0.6559 -0.7549 -0.0000
vn -0.7869 -0.6171 -0.0000
vn -0.8893 -0.4573 -0.0000
vn -0.9597 -0.2810 -0.0000
vn -0.9955 -0.0948 -0.0000
vn -0.9849 0.0948 0.1449
vn -0.9495 0.2810 0.1397
vn -0.8799 0.4573 0.1295
vn -0.7785 0.6171 0.1146
vn -0.6489 0.7549 0.0955
vn -0.4957 0.8654 0.0729
vn -0.3244 0.9447 0.0477
vn -0.1412 0.9898 0.0208
vn 0.0472 0.9989 -0.0069
vn 0.2338 0.9717 -0.0344
vn 0.4119 0.9092 -0.0606
vn 0.5749 0.8138 -0.0846
vn 0.7169 0.6891 -0.1055
vn 0.8329 0.5396 -0.1226
vn 0.9188 0.3708 -0.1352
vn 0.9716 0.1888 -0.1430
vn 0.9893 -0.0000 -0.1456
vn 0.9716 -0.1888 -0.1430
vn 0.9188 -0.3708 -0.1352
vn 0.8329 -0.5396 -0.1226
vn 0.7169 -0.6891 -0.1055
vn 0.5749 -0.8138 -0.0846
vn 0.4119 -0.9092 -0.0606
vn 0.2338 -0.9717 -0.0344
vn 0.0472 -0.9989 -0.0069
vn -0.1412 -0.9898 0.0208
vn -0.3244 -0.9447 0.0477
vn -0.4957 -0.8654 0.0729
vn -0.6489 -0.7549 0.0955
vn -0.7785 -0.6171 0.1146
vn -0.8799 -0.4573 0.1295
vn -0.9495 -0.2810 0.1397
vn -0.9849 -0.0948 0.1449
vn -0.9533 0.0948 0.2868
vn -0.9190 0.2810 0.2765
vn -0.8516 0.4573 0.2562
vn -0.7535 0.6171 0.2267
vn -0.6281 0.7549 0.1890
vn -0.4798 0.8654 0.1443
vn -0.3139 0.9447 0.0945
vn -0.1366 0.9898 0.0411
vn 0.0457 0.9989 -0.0137
vn 0.2263 0.9717 -0.0681
vn 0.3987 0.9092 -0.1199
vn 0.5564 0.8138 -0.1674
vn 0.6939 0.6891 -0.2088
vn 0.8062 0.5396 -0.2426
vn 0.8893 0.3708 -0.2676
vn 0.9404 0.1888 -0.2829
vn 0.9576 -0.0000 -0.2881
vn 0.9404 -0.1888 -0.2829
vn 0.8893 -0.3708 -0.2676
vn 0.8062 -0.5396 -0.2426
vn 0.6939 -0.6891 -0.2088
vn 0.5564 -0.8138 -0.1674
vn 0.3987 -0.9092 -0.1199
vn 0.2263 -0.9717 -0.0681
vn 0.0457 -0.9989 -0.0137
vn -0.1366 -0.9898 0.0411
vn -0.3139 -0.9447 0.0945
vn -0.4798 -0.8654 0.1443
vn -0.6281 -0.7549 0.1890
vn -0.7535 -0.6171 0.2267
vn -0.8516 -0.4573 0.2562
vn -0.9190 -0.2810 0.2765
vn -0.9533 -0.0948 0.2868
vn -0.9014 0.0948 0.4225
vn -0.8690 0.2810 0.4073
vn -0.8052 0.4573 0.3775
vn -0.7125 0.6171 0.3340
vn -0.5938 0.7549 0.2784
vn -0.4536 0.8654 0.2127
vn -0.2969 0.9447 0.1392
vn -0.1292 0.9898 0.0606
vn 0.0432 0.9989 -0.0203
vn 0.2140 0.9717 -0.1003
vn 0.3770 0.9092 -0.1767
vn 0.5261 0.8138 -0.2466
vn 0.6561 0.6891 -0.3076
vn 0.7623 0.5396 -0.3574
vn 0.8409 0.3708 -0.3942
vn 0.8892 0.1888 -0.4168
vn 0.9054 -0.0000 -0.4245
vn 0.8892 -0.1888 -0.4168
vn 0.8409 -0.3708 -0.3942
vn 0.7623 -0.5396 -0.3574
vn 0.6561 -0.6891 -0.3076
vn 0.5261 -0.8138 -0.2466
vn 0.3770 -0.9092 -0.1767
vn 0.2140 -0.9717 -0.1003
vn 0.0432 -0.9989 -0.0203
vn -0.1292 -0.9898 0.0606
vn -0.2969 -0.9447 0.1392
vn -0.4536 -0.8654 0.2127
vn -0.5938 -0.7549 0.2784
vn -0.7125 -0.6171 0.3340
vn -0.8052 -0.4573 0.3775
vn -0.8690 -0.2810 0.4073
vn -0.9014 -0.0948 0.4225
vn -0.8302 0.0948 0.5493
vn -0.8004 0.2810 0.5295
vn -0.7417 0.4573 0.4907
vn -0.6562 0.6171 0.4342
vn -0.5470 0.7549 0.3619
vn -0.4178 0.8654 0.2764
vn -0.2734 0.9447 0.1809
vn -0.1190 0.9898 0.0787
vn 0.0398 0.9989 -0.0263
vn 0.1971 0.9717 -0.1304
vn 0.3472 0.9092 -0.2297
vn 0.4846 0.8138 -0.3206
vn 0.6044 0.6891 -0.3998
vn 0.7021 0.5396 -0.4645
vn 0.7745 0.3708 -0.5124
vn 0.8190 0.1888 -0.5418
vn 0.8340 -0.0000 -0.5518
vn 0.8190 -0.1888 -0.5418
vn 0.7745 -0.3708 -0.5124
vn 0.7021 -0.5396 -0.4645
vn 0.6044 -0.6891 -0.3998
vn 0.4846 -0.8138 -0.3206
vn 0.3472 -0.9092 -0.2297
vn 0.1971 -0.9717 -0.1304
vn 0.0398 -0.9989 -0.0263
vn -0.1190 -0.9898 0.0787
vn -0.2734 -0.9447 0.1809
vn -0.4178 -0.8654 0.2764
vn -0.5470 -0.7549 0.3619
vn -0.6562 -0.6171 0.4342
vn -0.7417 -0.4573 0.4907
vn -0.8004 -0.2810 0.5295
vn -0.8302 -0.0948 0.5493
vn -0.7414 0.0948 0.6643
vn -0.7148 0.2810 0.6404
vn -0.6623 0.4573 0.5935
vn -0.5860 0.6171 0.5251
vn -0.4885 0.7549 0.4377
vn -0.3731 0.8654 0.3343
vn -0.2442 0.9447 0.2188
vn -0.1063 0.9898 0.0952
vn 0.0355 0.9989 -0.0318
vn 0.1760 0.9717 -0.1577
vn 0.3101 0.9092 -0.2778
vn 0.4328 0.8138 -0.3878
vn 0.5397 0.6891 -0.4836
vn 0.6270 0.5396 -0.5618
vn 0.6917 0.3708 -0.6197
vn 0.7314 0.1888 -0.6553
vn 0.7448 -0.0000 -0.6673
vn 0.7314 -0.1888 -0.6553
vn 0.6917 -0.3708 -0.6197
vn 0.6270 -0.5396 -0.5618
vn 0.5397 -0.6891 -0.4836
vn 0.4328 -0.8138 -0.3878
vn 0.3101 -0.9092 -0.2778
vn 0.1760 -0.9717 -0.1577
vn 0.0355 -0.9989 -0.0318
vn -0.1063 -0.9898 0.0952
vn -0.2442 -0.9447 0.2188
vn -0.3731 -0.8654 0.3343
vn -0.4885 -0.7549 0.4377
vn -0.5860 -0.6171 0.5251
vn -0.6623 -0.4573 0.5935
vn -0.7148 -0.2810 0.6404
vn -0.7414 -0.0948 0.6643
vn -0.6368 0.0948 0.7652
vn -0.6139 0.2810 0.7377
vn -0.5689 0.4573 0.6836
vn -0.5033 0.6171 0.6048
vn -0.4195 0.7549 0.5041
vn -0.3205 0.8654 0.3851
vn -0.2097 0.9447 0.2520
vn -0.0913 0.9898 0.1097
vn 0.0305 0.9989 -0.0367
vn 0.1512 0.9717 -0.1817
vn 0.2663 0.9092 -0.3200
vn 0.3717 0.8138 -0.4466
vn 0.4635 0.6891 -0.5570
vn 0.5385 0.5396 -0.6471
vn 0.5941 0.3708 -0.7139
vn 0.6282 0.1888 -0.7548
vn 0.6397 -0.0000 -0.7686
vn 0.6282 -0.1888 -0.7548
vn 0.5941 -0.3708 -0.7139
vn 0.5385 -0.5396 -0.6471
vn 0.4635 -0.6891 -0.5570
vn 0.3717 -0.8138 -0.4466
vn 0.2663 -0.9092 -0.3200
vn 0.1512 -0.9717 -0.1817
vn 0.0305 -0.9989 -0.0367
vn -0.0913 -0.9898 0.1097
vn -0.2097 -0.9447 0.2520
vn -0.3205 -0.8654 0.3851
vn -0.4195 -0.7549 0.5041
vn -0.5033 -0.6171 0.6048
vn -0.5689 -0.4573 0.6836
vn -0.6139 -0.2810 0.7377
vn -0.6368 -0.0948 0.7652
vn -0.5186 0.0948 0.8497
vn -0.4999 0.2810 0.8192
vn -0.4633 0.4573 0.7591
vn -0.4099 0.6171 0.6717
vn -0.3417 0.7549 0.5598
vn -0.2610 0.8654 0.4276
vn -0.1708 0.9447 0.2799
vn -0.0743 0.9898 0.1218
vn 0.0249 0.9989 -0.0407
vn 0.1231 0.9717 -0.2018
vn 0.2169 0.9092 -0.3554
vn 0.3027 0.8138 -0.4960
vn 0.3775 0.6891 -0.6186
vn 0.4386 0.5396 -0.7186
vn 0.4838 0.3708 -0.7927
vn 0.5116 0.1888 -0.8382
vn 0.5209 -0.0000 -0.8536
vn 0.5116 -0.1888 -0.8382
vn 0.4838 -0.3708 -0.7927
vn 0.4386 -0.5396 -0.7186
vn 0.3775 -0.6891 -0.6186
vn 0.3027 -0.8138 -0.4960
vn 0.2169 -0.9092 -0.3554
vn 0.1231 -0.9717 -0.2018
vn 0.0249 -0.9989 -0.0407
vn -0.0743 -0.9898 0.1218
vn -0.1708 -0.9447 0.2799
vn -0.2610 -0.8654 0.4276
vn -0.3417 -0.7549 0.5598
vn -0.4099 -0.6171 0.6717
vn -0.4633 -0.4573 0.7591
vn -0.4999 -0.2810 0.8192
vn -0.5186 -0.0948 0.8497
vn -0.3893 0.0948 0.9162
vn -0.3753 0.2810 0.8833
vn -0.3478 0.4573 0.8185
vn -0.3077 0.6171 0.7242
vn -0.2565 0.7549 0.6036
vn -0.1959 0.8654 0.4611
vn -0.1282 0.9447 0.3017
vn -0.0558 0.9898 0.1313
vn 0.0187 0.9989 -0.0439
vn 0.0924 0.9717 -0.2175
vn 0.1628 0.9092 -0.3832
vn 0.2273 0.8138 -0.5348
vn 0.2834 0.6891 -0.6669
vn 0.3293 0.5396 -0.7748
vn 0.3632 0.3708 -0.8547
vn 0.3841 0.1888 -0.9038
vn 0.3911 -0.0000 -0.9203
vn 0.3841 -0.1888 -0.9038
vn 0.3632 -0.3708 -0.8547
vn 0.3293 -0.5396 -0.7748
vn 0.2834 -0.6891 -0.6669
vn 0.2273 -0.8138 -0.5348
vn 0.1628 -0.9092 -0.3832
vn 0.0924 -0.9717 -0.2175
vn 0.0187 -0.9989 -0.0439
vn -0.0558 -0.9898 0.1313
vn -0.1282 -0.9447 0.3017
vn -0.1959 -0.8654 0.4611
vn -0.2565 -0.7549 0.6036
vn -0.3077 -0.6171 0.7242
vn -0.3478 -0.4573 0.8185
vn -0.3753 -0.2810 0.8833
vn -0.3893 -0.0948 0.9162
vn -0.2518 0.0948 0.9631
vn -0.2427 0.2810 0.9285
vn -0.2249 0.4573 0.8604
vn -0.1990 0.6171 0.7613
vn -0.1659 0.7549 0.6345
vn -0.1267 0.8654 0.4847
vn -0.0829 0.9447 0.3172
vn -0.0361 0.9898 0.1380
vn 0.0121 0.9989 -0.0462
vn 0.0598 0.9717 -0.2287
vn 0.1053 0.9092 -0.4028
vn 0.1470 0.8138 -0.5622
vn 0.1833 0.6891 -0.7011
vn 0.2129 0.5396 -0.8145
vn 0.2349 0.3708 -0.8985
vn 0.2484 0.1888 -0.9501
vn 0.2529 -0.0000 -0.9675
vn 0.2484 -0.1888 -0.9501
vn 0.2349 -0.3708 -0.8985
vn 0.2129 -0.5396 -0.8145
vn 0.1833 -0.6891 -0.7011
vn 0.1470 -0.8138 -0.5622
vn 0.1053 -0.9092 -0.4028
vn 0.0598 -0.9717 -0.2287
vn 0.0121 -0.9989 -0.0462
vn -0.0361 -0.9898 0.1380
vn -0.0829 -0.9447 0.3172
vn -0.1267 -0.8654 0.4847
vn -0.1659 -0.7549 0.6345
vn -0.1990 -0.6171 0.7613
vn -0.2249 -0.4573 0.8604
vn -0.2427 -0.2810 0.9285
vn -0.2518 -0.0948 0.9631
vn -0.1089 0.0948 0.9895
vn -0.1050 0.2810 0.9539
vn -0.0973 0.4573 0.8840
vn -0.0861 0.6171 0.7821
vn -0.0717 0.7549 0.6519
vn -0.0548 0.8654 0.4980
vn -0.0359 0.9447 0.3259
vn -0.0156 0.9898 0.1418
vn 0.0052 0.9989 -0.0474
vn 0.0259 0.9717 -0.2349
vn 0.0455 0.9092 -0.4138
vn 0.0636 0.8138 -0.5776
vn 0.0793 0.6891 -0.7203
vn 0.0921 0.5396 -0.8369
vn 0.1016 0.3708 -0.9231
vn 0.1074 0.1888 -0.9761
vn 0.1094 -0.0000 -0.9940
vn 0.1074 -0.1888 -0.9761
vn 0.1016 -0.3708 -0.9231
vn 0.0921 -0.5396 -0.8369
vn 0.0793 -0.6891 -0.7203
vn 0.0636 -0.8138 -0.5776
vn 0.0455 -0.9092 -0.4138
vn 0.0259 -0.9717 -0.2349
vn 0.0052 -0.9989 -0.0474
vn -0.0156 -0.9898 0.1418
vn -0.0359 -0.9447 0.3259
vn -0.0548 -0.8654 0.4980
vn -0.0717 -0.7549 0.6519
vn -0.0861 -0.6171 0.7821
vn -0.0973 -0.4573 0.8840
vn -0.1050 -0.2810 0.9539
vn -0.1089 -0.0948 0.9895
vn 0.0364 0.0948 0.9948
vn 0.0351 0.2810 0.9591
vn 0.0325 0.4573 0.8887
vn 0.0287 0.6171 0.7863
vn 0.0240 0.7549 0.6554
vn 0.0183 0.8654 0.5007
vn 0.0120 0.9447 0.3276
vn 0.0052 0.9898 0.1426
vn -0.0017 0.9989 -0.0477
vn -0.0086 0.9717 -0.2362
vn -0.0152 0.9092 -0.4161
vn -0.0212 0.8138 -0.5807
vn -0.0265 0.6891 -0.7242
vn -0.0307 0.5396 -0.8413
vn -0.0339 0.3708 -0.9281
vn -0.0359 0.1888 -0.9814
vn -0.0365 -0.0000 -0.9993
vn -0.0359 -0.1888 -0.9814
vn -0.0339 -0.3708 -0.9281
vn -0.0307 -0.5396 -0.8413
vn -0.0265 -0.6891 -0.7242
vn -0.0212 -0.8138 -0.5807
vn -0.0152 -0.9092 -0.4161
vn -0.0086 -0.9717 -0.2362
vn -0.0017 -0.9989 -0.0477
vn 0.0052 -0.9898 0.1426
vn 0.0120 -0.9447 0.3276
vn 0.0183 -0.8654 0.5007
vn 0.0240 -0.7549 0.6554
vn 0.0287 -0.6171 0.7863
vn 0.0325 -0.4573 0.8887
vn 0.0351 -0.2810 0.9591
vn 0.0364 -0.0948 0.9948
vn 0.1808 0.0948 0.9789
vn 0.1743 0.2810 0.9437
vn 0.1615 0.4573 0.8745
vn 0.1429 0.6171 0.7738
vn 0.1191 0.7549 0.6449
vn 0.0910 0.8654 0.4927
vn 0.0595 0.9447 0.3224
vn 0.0259 0.9898 0.1403
vn -0.0087 0.9989 -0.0469
vn -0.0429 0.9717 -0.2324
vn -0.0756 0.9092 -0.4094
vn -0.1055 0.8138 -0.5714
vn -0.1316 0.6891 -0.7126
vn -0.1529 0.5396 -0.8279
vn -0.1687 0.3708 -0.9133
vn -0.1784 0.1888 -0.9657
vn -0.1816 -0.0000 -0.9834
vn -0.1784 -0.1888 -0.9657
vn -0.1687 -0.3708 -0.9133
vn -0.1529 -0.5396 -0.8279
vn -0.1316 -0.6891 -0.7126
vn -0.1055 -0.8138 -0.5714
vn -0.0756 -0.9092 -0.4094
vn -0.0429 -0.9717 -0.2324
vn -0.0087 -0.9989 -0.0469
vn 0.0259 -0.9898 0.1403
vn 0.0595 -0.9447 0.3224
vn 0.0910 -0.8654 0.4927
vn 0.1191 -0.7549 0.6449
vn 0.1429 -0.6171 0.7738
vn 0.1615 -0.4573 0.8745
vn 0.1743 -0.2810 0.9437
vn 0.1808 -0.0948 0.9789
vn 0.3214 0.0948 0.9422
vn 0.3099 0.2810 0.9083
vn 0.2871 0.4573 0.8417
vn 0.2541 0.6171 0.7447
vn 0.2118 0.7549 0.6207
vn 0.1618 0.8654 0.4742
vn 0.1059 0.9447 0.3103
vn 0.0461 0.9898 0.1350
vn -0.0154 0.9989 -0.0452
vn -0.0763 0.9717 -0.2237
vn -0.1344 0.9092 -0.3940
vn -0.1876 0.8138 -0.5500
vn -0.2340 0.6891 -0.6858
vn -0.2718 0.5396 -0.7968
vn -0.2999 0.3708 -0.8790
vn -0.3171 0.1888 -0.9294
vn -0.3229 -0.0000 -0.9464
vn -0.3171 -0.1888 -0.9294
vn -0.2999 -0.3708 -0.8790
vn -0.2718 -0.5396 -0.7968
vn -0.2340 -0.6891 -0.6858
vn -0.1876 -0.8138 -0.5500
vn -0.1344 -0.9092 -0.3940
vn -0.0763 -0.9717 -0.2237
vn -0.0154 -0.9989 -0.0452
vn 0.0461 -0.9898 0.1350
vn 0.1059 -0.9447 0.3103
vn 0.1618 -0.8654 0.4742
vn 0.2118 -0.7549 0.6207
vn 0.2541 -0.6171 0.7447
vn 0.2871 -0.4573 0.8417
vn 0.3099 -0.2810 0.9083
vn 0.3214 -0.0948 0.9422
vn 0.4552 0.0948 0.8853
vn 0.4388 0.2810 0.8535
vn 0.4066 0.4573 0.7909
vn 0.3598 0.6171 0.6998
vn 0.2999 0.7549 0.5833
vn 0.2291 0.8654 0.4456
vn 0.1499 0.9447 0.2916
vn 0.0652 0.9898 0.1269
vn -0.0218 0.9989 -0.0424
vn -0.1081 0.9717 -0.2102
vn -0.1904 0.9092 -0.3703
vn -0.2657 0.8138 -0.5168
vn -0.3313 0.6891 -0.6445
vn -0.3850 0.5396 -0.7487
vn -0.4246 0.3708 -0.8259
vn -0.4490 0.1888 -0.8734
vn -0.4572 -0.0000 -0.8893
vn -0.4490 -0.1888 -0.8734
vn -0.4246 -0.3708 -0.8259
vn -0.3850 -0.5396 -0.7487
vn -0.3313 -0.6891 -0.6445
vn -0.2657 -0.8138 -0.5168
vn -0.1904 -0.9092 -0.3703
vn -0.1081 -0.9717 -0.2102
vn -0.0218 -0.9989 -0.0424
vn 0.0652 -0.9898 0.1269
vn 0.1499 -0.9447 0.2916
vn 0.2291 -0.8654 0.4456
vn 0.2999 -0.7549 0.5833
vn 0.3598 -0.6171 0.6998
vn 0.4066 -0.4573 0.7909
vn 0.4388 -0.2810 0.8535
vn 0.4552 -0.0948 0.8853
vn 0.5792 0.0948 0.8096
vn 0.5584 0.2810 0.7805
vn 0.5175 0.4573 0.7233
vn 0.4578 0.6171 0.6399
vn 0.3816 0.7549 0.5334
vn 0.2915 0.8654 0.4075
vn 0.1908 0.9447 0.2666
vn 0.0830 0.9898 0.1160
vn -0.0278 0.9989 -0.0388
vn -0.1375 0.9717 -0.1922
vn -0.2422 0.9092 -0.3386
vn -0.3381 0.8138 -0.4726
vn -0.4216 0.6891 -0.5894
vn -0.4899 0.5396 -0.6847
vn -0.5404 0.3708 -0.7553
vn -0.5714 0.1888 -0.7987
vn -0.5819 -0.0000 -0.8133
vn -0.5714 -0.1888 -0.7987
vn -0.5404 -0.3708 -0.7553
vn -0.4899 -0.5396 -0.6847
vn -0.4216 -0.6891 -0.5894
vn -0.3381 -0.8138 -0.4726
vn -0.2422 -0.9092 -0.3386
vn -0.1375 -0.9717 -0.1922
vn -0.0278 -0.9989 -0.0388
vn 0.0830 -0.9898 0.1160
vn 0.1908 -0.9447 0.2666
vn 0.2915 -0.8654 0.4075
vn 0.3816 -0.7549 0.5334
vn 0.4578 -0.6171 0.6399
vn 0.5175 -0.4573 0.7233
vn 0.5584 -0.2810 0.7805
vn 0.5792 -0.0948 0.8096
vn 0.6909 0.0948 0.7167
vn 0.6661 0.2810 0.6909
vn 0.6173 0.4573 0.6402
vn 0.5461 0.6171 0.5665
vn 0.4552 0.7549 0.4722
vn 0.3477 0.8654 0.3607
vn 0.2276 0.9447 0.2360
vn 0.0990 0.9898 0.1027
vn -0.0331 0.9989 -0.0343
vn -0.1640 0.9717 -0.1702
vn -0.2890 0.9092 -0.2997
vn -0.4033 0.8138 -0.4183
vn -0.5030 0.6891 -0.5217
vn -0.5843 0.5396 -0.6061
vn -0.6446 0.3708 -0.6686
vn -0.6816 0.1888 -0.7070
vn -0.6941 -0.0000 -0.7199
vn -0.6816 -0.1888 -0.7070
vn -0.6446 -0.3708 -0.6686
vn -0.5843 -0.5396 -0.6061
vn -0.5030 -0.6891 -0.5217
vn -0.4033 -0.8138 -0.4183
vn -0.2890 -0.9092 -0.2997
vn -0.1640 -0.9717 -0.1702
vn -0.0331 -0.9989 -0.0343
vn 0.0990 -0.9898 0.1027
vn 0.2276 -0.9447 0.2360
vn 0.3477 -0.8654 0.3607
vn 0.4552 -0.7549 0.4722
vn 0.5461 -0.6171 0.5665
vn 0.6173 -0.4573 0.6402
vn 0.6661 -0.2810 0.6909
vn 0.6909 -0.0948 0.7167
vn 0.7879 0.0948 0.6084
vn 0.7596 0.2810 0.5865
vn 0.7039 0.4573 0.5435
vn 0.6228 0.6171 0.4809
vn 0.5191 0.7549 0.4008
vn 0.3965 0.8654 0.3062
vn 0.2595 0.9447 0.2004
vn 0.1129 0.9898 0.0872
vn -0.0378 0.9989 -0.0292
vn -0.1871 0.9717 -0.1445
vn -0.3295 0.9092 -0.2545
vn -0.4599 0.8138 -0.3551
vn -0.5736 0.6891 -0.4429
vn -0.6664 0.5396 -0.5146
vn -0.7351 0.3708 -0.5676
vn -0.7773 0.1888 -0.6002
vn -0.7915 -0.0000 -0.6112
vn -0.7773 -0.1888 -0.6002
vn -0.7351 -0.3708 -0.5676
vn -0.6664 -0.5396 -0.5146
vn -0.5736 -0.6891 -0.4429
vn -0.4599 -0.8138 -0.3551
vn -0.3295 -0.9092 -0.2545
vn -0.1871 -0.9717 -0.1445
vn -0.0378 -0.9989 -0.0292
vn 0.1129 -0.9898 0.0872
vn 0.2595 -0.9447 0.2004
vn 0.3965 -0.8654 0.3062
vn 0.5191 -0.7549 0.4008
vn 0.6228 -0.6171 0.4809
vn 0.7039 -0.4573 0.5435
vn 0.7596 -0.2810 0.5865
vn 0.7879 -0.0948 0.6084
vn 0.8681 0.0948 0.4872
vn 0.8369 0.2810 0.4697
vn 0.7755 0.4573 0.4353
vn 0.6862 0.6171 0.3851
vn 0.5719 0.7549 0.3210
vn 0.4369 0.8654 0.2452
vn 0.2859 0.9447 0.1605
vn 0.1244 0.9898 0.0698
vn -0.0416 0.9989 -0.0233
vn -0.2061 0.9717 -0.1157
vn -0.3631 0.9092 -0.2038
vn -0.5067 0.8138 -0.2844
vn -0.6319 0.6891 -0.3547
vn -0.7342 0.5396 -0.4120
vn -0.8099 0.3708 -0.4545
vn -0.8564 0.1888 -0.4806
vn -0.8720 -0.0000 -0.4894
vn -0.8564 -0.1888 -0.4806
vn -0.8099 -0.3708 -0.4545
vn -0.7342 -0.5396 -0.4120
vn -0.6319 -0.6891 -0.3547
vn -0.5067 -0.8138 -0.2844
vn -0.3631 -0.9092 -0.2038
vn -0.2061 -0.9717 -0.1157
vn -0.0416 -0.9989 -0.0233
vn 0.1244 -0.9898 0.0698
vn 0.2859 -0.9447 0.1605
vn 0.4369 -0.8654 0.2452
vn 0.5719 -0.7549 0.3210
vn 0.6862 -0.6171 0.3851
vn 0.7755 -0.4573 0.4353
vn 0.8369 -0.2810 0.4697
vn 0.8681 -0.0948 0.4872
vn 0.9298 0.0948 0.3556
vn 0.8964 0.2810 0.3428
vn 0.8307 0.4573 0.3177
vn 0.7349 0.6171 0.2811
vn 0.6126 0.7549 0.2343
vn 0.4679 0.8654 0.1790
vn 0.3062 0.9447 0.1171
vn 0.1333 0.9898 0.0510
vn -0.0446 0.9989 -0.0170
vn -0.2208 0.9717 -0.0844
vn -0.3889 0.9092 -0.1487
vn -0.5427 0.8138 -0.2076
vn -0.6768 0.6891 -0.2589
vn -0.7864 0.5396 -0.3008
vn -0.8674 0.3708 -0.3318
vn -0.9172 0.1888 -0.3508
vn -0.9340 -0.0000 -0.3572
vn -0.9172 -0.1888 -0.3508
vn -0.8674 -0.3708 -0.3318
vn -0.7864 -0.5396 -0.3008
vn -0.6768 -0.6891 -0.2589
vn -0.5427 -0.8138 -0.2076
vn -0.3889 -0.9092 -0.1487
vn -0.2208 -0.9717 -0.0844
vn -0.0446 -0.9989 -0.0170
vn 0.1333 -0.9898 0.0510
vn 0.3062 -0.9447 0.1171
vn 0.4679 -0.8654 0.1790
vn 0.6126 -0.7549 0.2343
vn 0.7349 -0.6171 0.2811
vn 0.8307 -0.4573 0.3177
vn 0.8964 -0.2810 0.3428
vn 0.9298 -0.0948 0.3556
vn 0.9717 0.0948 0.2165
vn 0.9367 0.2810 0.2087
vn 0.8681 0.4573 0.1934
vn 0.7680 0.6171 0.1711
vn 0.6402 0.7549 0.1426
vn 0.4890 0.8654 0.1089
vn 0.3200 0.9447 0.0713
vn 0.1393 0.9898 0.0310
vn -0.0466 0.9989 -0.0104
vn -0.2307 0.9717 -0.0514
vn -0.4064 0.9092 -0.0905
vn -0.5672 0.8138 -0.1263
vn -0.7073 0.6891 -0.1576
vn -0.8218 0.5396 -0.1831
vn -0.9065 0.3708 -0.2019
vn -0.9585 0.1888 -0.2135
vn -0.9761 -0.0000 -0.2174
vn -0.9585 -0.1888 -0.2135
vn -0.9065 -0.3708 -0.2019
vn -0.8218 -0.5396 -0.1831
vn -0.7073 -0.6891 -0.1576
vn -0.5672 -0.8138 -0.1263
vn -0.4064 -0.9092 -0.0905
vn -0.2307 -0.9717 -0.0514
vn -0.0466 -0.9989 -0.0104
vn 0.1393 -0.9898 0.0310
vn 0.3200 -0.9447 0.0713
vn 0.4890 -0.8654 0.1089
vn 0.6402 -0.7549 0.1426
vn 0.7680 -0.6171 0.1711
vn 0.8681 -0.4573 0.1934
vn 0.9367 -0.2810 0.2087
vn 0.9717 -0.0948 0.2165
vn 0.9928 0.0948 0.0727
vn 0.9571 0.2810 0.0701
vn 0.8870 0.4573 0.0649
vn 0.7848 0.6171 0.0574
vn 0.6541 0.7549 0.0479
vn 0.4997 0.8654 0.0366
vn 0.3270 0.9447 0.0239
vn 0.1423 0.9898 0.0104
vn -0.0476 0.9989 -0.0035
vn -0.2357 0.9717 -0.0173
vn -0.4152 0.9092 -0.0304
vn -0.5795 0.8138 -0.0424
vn -0.7227 0.6891 -0.0529
vn -0.8397 0.5396 -0.0615
vn -0.9262 0.3708 -0.0678
vn -0.9794 0.1888 -0.0717
vn -0.9973 -0.0000 -0.0730
vn -0.9794 -0.1888 -0.0717
vn -0.9262 -0.3708 -0.0678
vn -0.8397 -0.5396 -0.0615
vn -0.7227 -0.6891 -0.0529
vn -0.5795 -0.8138 -0.0424
vn -0.4152 -0.9092 -0.0304
vn -0.2357 -0.9717 -0.0173
vn -0.0476 -0.9989 -0.0035
vn 0.1423 -0.9898 0.0104
vn 0.3270 -0.9447 0.0239
vn 0.4997 -0.8654 0.0366
vn 0.6541 -0.7549 0.0479
vn 0.7848 -0.6171 0.0574
vn 0.8870 -0.4573 0.0649
vn 0.9571 -0.2810 0.0701
vn 0.9928 -0.0948 0.0727
vt 0.511628 0.515152
vt 0.534884 0.515152
vt 0.534884 0.545455
vt 0.511628 0.545455
vt 0.534884 0.575758
vt 0.511628 0.575758
vt 0.534884 0.606061
vt 0.511628 0.606061
vt 0.534884 0.636364
vt 0.511628 0.636364
vt 0.534884 0.666667
vt 0.511628 0.666667
vt 0.534884 0.696970
vt 0.511628 0.696970
vt 0.534884 0.727273
vt 0.511628 0.727273
vt 0.534884 0.757576
vt 0.511628 0.757576
vt 0.534884 0.787879
vt 0.511628 0.787879
vt 0.534884 0.818182
vt 0.511628 0.818182
vt 0.534884 0.848485
vt 0.511628 0.848485
vt 0.534884 0.878788
vt 0.511628 0.878788
vt 0.534884 0.909091
vt 0.511628 0.909091
vt 0.534884 0.939394
vt 0.511628 0.939394
vt 0.534884 0.969697
vt 0.511628 0.969697
vt 0.534884 1.000000
vt 0.511628 1.000000
vt 0.511628 -0.000000
vt 0.534884 -0.000000
vt 0.534884 0.030303
vt 0.511628 0.030303
vt 0.534884 0.060606
vt 0.511628 0.060606
vt 0.534884 0.090909
vt 0.511628 0.090909
vt 0.534884 0.121212
vt 0.511628 0.121212
vt 0.534884 0.151515
vt 0.511628 0.151515
vt 0.534884 0.181818
vt 0.511628 0.181818
vt 0.534884 0.212121
vt 0.511628 0.212121
vt 0.534884 0.242424
vt 0.511628 0.242424
vt 0.534884 0.272727
vt 0.511628 0.272727
vt 0.534884 0.303030
vt 0.511628 0.303030
vt 0.534884 0.333333
vt 0.511628 0.333333
vt 0.534884 0.363636
vt 0.511628 0.363636
vt 0.534884 0.393939
vt 0.511628 0.393939
vt 0.534884 0.424242
vt 0.511628 0.424242
vt 0.534884 0.454545
vt 0.511628 0.454545
vt 0.534884 0.484848
vt 0.511628 0.484848
vt 0.558140 0.515152
vt 0.558140 0.545455
vt 0.558140 0.575758
vt 0.558140 0.606061
vt 0.558140 0.636364
vt 0.558140 0.666667
vt 0.558140 0.696970
vt 0.558140 0.727273
vt 0.558140 0.757576
vt 0.558140 0.787879
vt 0.558140 0.818182
vt 0.558140 0.848485
vt 0.558140 0.878788
vt 0.558140 0.909091
vt 0.558140 0.939394
vt 0.558140 0.969697
vt 0.558140 1.000000
vt 0.558140 -0.000000
vt 0.558140 0.030303
vt 0.558140 0.060606
vt 0.558140 0.090909
vt 0.558140 0.121212
vt 0.558140 0.151515
vt 0.558140 0.181818
vt 0.558140 0.212121
vt 0.558140 0.242424
vt 0.558140 0.272727
vt 0.558140 0.303030
vt 0.558140 0.333333
vt 0.558140 0.363636
vt 0.558140 0.393939
vt 0.558140 0.424242
vt 0.558140 0.454545
vt 0.558140 0.484848
vt 0.581395 0.515152
vt 0.581395 0.545455
vt 0.581395 0.575758
vt 0.581395 0.606061
vt 0.581395 0.636364
vt 0.581395 0.666667
vt 0.581395 0.696970
vt 0.581395 0.727273
vt 0.581395 0.757576
vt 0.581395 0.787879
vt 0.581395 0.818182
vt 0.581395 0.848485
vt 0.581395 0.878788
vt 0.581395 0.909091
vt 0.581395 0.939394
vt 0.581395 0.969697
vt 0.581395 1.000000
vt 0.581395 -0.000000
vt 0.581395 0.030303
vt 0.581395 0.060606
vt 0.581395 0.090909
vt 0.581395 0.121212
vt 0.581395 0.151515
vt 0.581395 0.181818
vt 0.581395 0.212121
vt 0.581395 0.242424
vt 0.581395 0.272727
vt 0.581395 0.303030
vt 0.581395 0.333333
vt 0.581395 0.363636
vt 0.581395 0.393939
vt 0.581395 0.424242
vt 0.581395 0.454545
vt 0.581395 0.484848
vt 0.604651 0.515152
vt 0.604651 0.545455
vt 0.604651 0.575758
vt 0.604651 0.606061
vt 0.604651 0.636364
vt 0.604651 0.666667
vt 0.604651 0.696970
vt 0.604651 0.727273
vt 0.604651 0.757576
vt 0.604651 0.787879
vt 0.604651 0.818182
vt 0.604651 0.848485
vt 0.604651 0.878788
vt 0.604651 0.909091
vt 0.604651 0.939394
vt 0.604651 0.969697
vt 0.604651 1.000000
vt 0.604651 -0.000000
vt 0.604651 0.030303
vt 0.604651 0.060606
vt 0.604651 0.090909
vt 0.604651 0.121212
vt 0.604651 0.151515
vt 0.604651 0.181818
vt 0.604651 0.212121
vt 0.604651 0.242424
vt 0.604651 0.272727
vt 0.604651 0.303030
vt 0.604651 0.333333
vt 0.604651 0.363636
vt 0.604651 0.393939
vt 0.604651 0.424242
vt 0.604651 0.454545
vt 0.604651 0.484848
vt 0.627907 0.515152
vt 0.627907 0.545455
vt 0.627907 0.575758
vt 0.627907 0.606061
vt 0.627907 0.636364
vt 0.627907 0.666667
vt 0.627907 0.696970
vt 0.627907 0.727273
vt 0.627907 0.757576
vt 0.627907 0.787879
vt 0.627907 0.818182
vt 0.627907 0.848485
vt 0.627907 0.878788
vt 0.627907 0.909091
vt 0.627907 0.939394
vt 0.627907 0.969697
vt 0.627907 1.000000
vt 0.627907 -0.000000
vt 0.627907 0.030303
vt 0.627907 0.060606
vt 0.627907 0.090909
vt 0.627907 0.121212
vt 0.627907 0.151515
vt 0.627907 0.181818
vt 0.627907 0.212121
vt 0.627907 0.242424
vt 0.627907 0.272727
vt 0.627907 0.303030
vt 0.627907 0.333333
vt 0.627907 0.363636
vt 0.627907 0.393939
vt 0.627907 0.424242
vt 0.627907 0.454545
vt 0.627907 0.484848
vt 0.651163 0.515152
vt 0.651163 0.545455
vt 0.651163 0.575758
vt 0.651163 0.606061
vt 0.651163 0.636364
vt 0.651163 0.666667
vt 0.651163 0.696970
vt 0.651163 0.727273
vt 0.651163 0.757576
vt 0.651163 0.787879
vt 0.651163 0.818182
vt 0.651163 0.848485
vt 0.651163 0.878788
vt 0.651163 0.909091
vt 0.651163 0.939394
vt 0.651163 0.969697
vt 0.651163 1.000000
vt 0.651163 -0.000000
vt 0.651163 0.030303
vt 0.651163 0.060606
vt 0.651163 0.090909
vt 0.651163 0.121212
vt 0.651163 0.151515
vt 0.651163 0.181818
vt 0.651163 0.212121
vt 0.651163 0.242424
vt 0.651163 0.272727
vt 0.651163 0.303030
vt 0.651163 0.333333
vt 0.651163 0.363636
vt 0.651163 0.393939
vt 0.651163 0.424242
vt 0.651163 0.454545
vt 0.651163 0.484848
vt 0.674419 0.515152
vt 0.674419 0.545455
vt 0.674419 0.575758
vt 0.674419 0.606061
vt 0.674419 0.636364
vt 0.674419 0.666667
vt 0.674419 0.696970
vt 0.674419 0.727273
vt 0.674419 0.757576
vt 0.674419 0.787879
vt 0.674419 0.818182
vt 0.674419 0.848485
vt 0.674419 0.878788
vt 0.674419 0.909091
vt 0.674419 0.939394
vt 0.674419 0.969697
vt 0.674419 1.000000
vt 0.674419 -0.000000
vt 0.674419 0.030303
vt 0.674419 0.060606
vt 0.674419 0.090909
vt 0.674419 0.121212
vt 0.674419 0.151515
vt 0.674419 0.181818
vt 0.674419 0.212121
vt 0.674419 0.242424
vt 0.674419 0.272727
vt 0.674419 0.303030
vt 0.674419 0.333333
vt 0.674419 0.363636
vt 0.674419 0.393939
vt 0.674419 0.424242
vt 0.674419 0.454545
vt 0.674419 0.484848
vt 0.697674 0.515152
vt 0.697674 0.545455
vt 0.697674 0.575758
vt 0.697674 0.606061
vt 0.697674 0.636364
vt 0.697674 0.666667
vt 0.697674 0.696970
vt 0.697674 0.727273
vt 0.697674 0.757576
vt 0.697674 0.787879
vt 0.697674 0.818182
vt 0.697674 0.848485
vt 0.697674 0.878788
vt 0.697674 0.909091
vt 0.697674 0.939394
vt 0.697674 0.969697
vt 0.697674 1.000000
vt 0.697674 -0.000000
vt 0.697674 0.030303
vt 0.697674 0.060606
vt 0.697674 0.090909
vt 0.697674 0.121212
vt 0.697674 0.151515
vt 0.697674 0.181818
vt 0.697674 0.212121
vt 0.697674 0.242424
vt 0.697674 0.272727
vt 0.697674 0.303030
vt 0.697674 0.333333
vt 0.697674 0.363636
vt 0.697674 0.393939
vt 0.697674 0.424242
vt 0.697674 0.454545
vt 0.697674 0.484848
vt 0.720930 0.515152
vt 0.720930 0.545455
vt 0.720930 0.575758
vt 0.720930 0.606061
vt 0.720930 0.636364
vt 0.720930 0.666667
vt 0.720930 0.696970
vt 0.720930 0.727273
vt 0.720930 0.757576
vt 0.720930 0.787879
vt 0.720930 0.818182
vt 0.720930 0.848485
vt 0.720930 0.878788
vt 0.720930 0.909091
vt 0.720930 0.939394
vt 0.720930 0.969697
vt 0.720930 1.000000
vt 0.720930 -0.000000
vt 0.720930 0.030303
vt 0.720930 0.060606
vt 0.720930 0.090909
vt 0.720930 0.121212
vt 0.720930 0.151515
vt 0.720930 0.181818
vt 0.720930 0.212121
vt 0.720930 0.242424
vt 0.720930 0.272727
vt 0.720930 0.303030
vt 0.720930 0.333333
vt 0.720930 0.363636
vt 0.720930 0.393939
vt 0.720930 0.424242
vt 0.720930 0.454545
vt 0.720930 0.484848
vt 0.744186 0.515152
vt 0.744186 0.545455
vt 0.744186 0.575758
vt 0.744186 0.606061
vt 0.744186 0.636364
vt 0.744186 0.666667
vt 0.744186 0.696970
vt 0.744186 0.727273
vt 0.744186 0.757576
vt 0.744186 0.787879
vt 0.744186 0.818182
vt 0.744186 0.848485
vt 0.744186 0.878788
vt 0.744186 0.909091
vt 0.744186 0.939394
vt 0.744186 0.969697
vt 0.744186 1.000000
vt 0.744186 -0.000000
vt 0.744186 0.030303
vt 0.744186 0.060606
vt 0.744186 0.090909
vt 0.744186 0.121212
vt 0.744186 0.151515
vt 0.744186 0.181818
vt 0.744186 0.212121
vt 0.744186 0.242424
vt 0.744186 0.272727
vt 0.744186 0.303030
vt 0.744186 0.333333
vt 0.744186 0.363636
vt 0.744186 0.393939
vt 0.744186 0.424242
vt 0.744186 0.454545
vt 0.744186 0.484848
vt 0.767442 0.515152
vt 0.767442 0.545455
vt 0.767442 0.575758
vt 0.767442 0.606061
vt 0.767442 0.636364
vt 0.767442 0.666667
vt 0.767442 0.696970
vt 0.767442 0.727273
vt 0.767442 0.757576
vt 0.767442 0.787879
vt 0.767442 0.818182
vt 0.767442 0.848485
vt 0.767442 0.878788
vt 0.767442 0.909091
vt 0.767442 0.939394
vt 0.767442 0.969697
vt 0.767442 1.000000
vt 0.767442 -0.000000
vt 0.767442 0.030303
vt 0.767442 0.060606
vt 0.767442 0.090909
vt 0.767442 0.121212
vt 0.767442 0.151515
vt 0.767442 0.181818
vt 0.767442 0.212121
vt 0.767442 0.242424
vt 0.767442 0.272727
vt 0.767442 0.303030
vt 0.767442 0.333333
vt 0.767442 0.363636
vt 0.767442 0.393939
vt 0.767442 0.424242
vt 0.767442 0.454545
vt 0.767442 0.484848
vt 0.790698 0.515152
vt 0.790698 0.545455
vt 0.790698 0.575758
vt 0.790698 0.606061
vt 0.790698 0.636364
vt 0.790698 0.666667
vt 0.790698 0.696970
vt 0.790698 0.727273
vt 0.790698 0.757576
vt 0.790698 0.787879
vt 0.790698 0.818182
vt 0.790698 0.848485
vt 0.790698 0.878788
vt 0.790698 0.909091
vt 0.790698 0.939394
vt 0.790698 0.969697
vt 0.790698 1.000000
vt 0.790698 -0.000000
vt 0.790698 0.030303
vt 0.790698 0.060606
vt 0.790698 0.090909
vt 0.790698 0.121212
vt 0.790698 0.151515
vt 0.790698 0.181818
vt 0.790698 0.212121
vt 0.790698 0.242424
vt 0.790698 0.272727
vt 0.790698 0.303030
vt 0.790698 0.333333
vt 0.790698 0.363636
vt 0.790698 0.393939
vt 0.790698 0.424242
vt 0.790698 0.454545
vt 0.790698 0.484848
vt 0.813953 0.515152
vt 0.813953 0.545455
vt 0.813953 0.575758
vt 0.813953 0.606061
vt 0.813953 0.636364
vt 0.813953 0.666667
vt 0.813953 0.696970
vt 0.813953 0.727273
vt 0.813953 0.757576
vt 0.813953 0.787879
vt 0.813953 0.818182
vt 0.813953 0.848485
vt 0.813953 0.878788
vt 0.813953 0.909091
vt 0.813953 0.939394
vt 0.813953 0.969697
vt 0.813953 1.000000
vt 0.813953 -0.000000
vt 0.813953 0.030303
vt 0.813953 0.060606
vt 0.813953 0.090909
vt 0.813953 0.121212
vt 0.813953 0.151515
vt 0.813953 0.181818
vt 0.813953 0.212121
vt 0.813953 0.242424
vt 0.813953 0.272727
vt 0.813953 0.303030
vt 0.813953 0.333333
vt 0.813953 0.363636
vt 0.813953 0.393939
vt 0.813953 0.424242
vt 0.813953 0.454545
vt 0.813953 0.484848
vt 0.837209 0.515152
vt 0.837209 0.545455
vt 0.837209 0.575758
vt 0.837209 0.606061
vt 0.837209 0.636364
vt 0.837209 0.666667
vt 0.837209 0.696970
vt 0.837209 0.727273
vt 0.837209 0.757576
vt 0.837209 0.787879
vt 0.837209 0.818182
vt 0.837209 0.848485
vt 0.837209 0.878788
vt 0.837209 0.909091
vt 0.837209 0.939394
vt 0.837209 0.969697
vt 0.837209 1.000000
vt 0.837209 -0.000000
vt 0.837209 0.030303
vt 0.837209 0.060606
vt 0.837209 0.090909
vt 0.837209 0.121212
vt 0.837209 0.151515
vt 0.837209 0.181818
vt 0.837209 0.212121
vt 0.837209 0.242424
vt 0.837209 0.272727
vt 0.837209 0.303030
vt 0.837209 0.333333
vt 0.837209 0.363636
vt 0.837209 0.393939
vt 0.837209 0.424242
vt 0.837209 0.454545
vt 0.837209 0.484848
vt 0.860465 0.515152
vt 0.860465 0.545455
vt 0.860465 0.575758
vt 0.860465 0.606061
vt 0.860465 0.636364
vt 0.860465 0.666667
vt 0.860465 0.696970
vt 0.860465 0.727273
vt 0.860465 0.757576
vt 0.860465 0.787879
vt 0.860465 0.818182
vt 0.860465 0.848485
vt 0.860465 0.878788
vt 0.860465 0.909091
vt 0.860465 0.939394
vt 0.860465 0.969697
vt 0.860465 1.000000
vt 0.860465 -0.000000
vt 0.860465 0.030303
vt 0.860465 0.060606
vt 0.860465 0.090909
vt 0.860465 0.121212
vt 0.860465 0.151515
vt 0.860465 0.181818
vt 0.860465 0.212121
vt 0.860465 0.242424
vt 0.860465 0.272727
vt 0.860465 0.303030
vt 0.860465 0.333333
vt 0.860465 0.363636
vt 0.860465 0.393939
vt 0.860465 0.424242
vt 0.860465 0.454545
vt 0.860465 0.484848
vt 0.883721 0.515152
vt 0.883721 0.545455
vt 0.883721 0.575758
vt 0.883721 0.606061
vt 0.883721 0.636364
vt 0.883721 0.666667
vt 0.883721 0.696970
vt 0.883721 0.727273
vt 0.883721 0.757576
vt 0.883721 0.787879
vt 0.883721 0.818182
vt 0.883721 0.848485
vt 0.883721 0.878788
vt 0.883721 0.909091
vt 0.883721 0.939394
vt 0.883721 0.969697
vt 0.883721 1.000000
vt 0.883721 -0.000000
vt 0.883721 0.030303
vt 0.883721 0.060606
vt 0.883721 0.090909
vt 0.883721 0.121212
vt 0.883721 0.151515
vt 0.883721 0.181818
vt 0.883721 0.212121
vt 0.883721 0.242424
vt 0.883721 0.272727
vt 0.883721 0.303030
vt 0.883721 0.333333
vt 0.883721 0.363636
vt 0.883721 0.393939
vt 0.883721 0.424242
vt 0.883721 0.454545
vt 0.883721 0.484848
vt 0.906977 0.515152
vt 0.906977 0.545455
vt 0.906977 0.575758
vt 0.906977 0.606061
vt 0.906977 0.636364
vt 0.906977 0.666667
vt 0.906977 0.696970
vt 0.906977 0.727273
vt 0.906977 0.757576
vt 0.906977 0.787879
vt 0.906977 0.818182
vt 0.906977 0.848485
vt 0.906977 0.878788
vt 0.906977 0.909091
vt 0.906977 0.939394
vt 0.906977 0.969697
vt 0.906977 1.000000
vt 0.906977 -0.000000
vt 0.906977 0.030303
vt 0.906977 0.060606
vt 0.906977 0.090909
vt 0.906977 0.121212
vt 0.906977 0.151515
vt 0.906977 0.181818
vt 0.906977 0.212121
vt 0.906977 0.242424
vt 0.906977 0.272727
vt 0.906977 0.303030
vt 0.906977 0.333333
vt 0.906977 0.363636
vt 0.906977 0.393939
vt 0.906977 0.424242
vt 0.906977 0.454545
vt 0.906977 0.484848
vt 0.930233 0.515152
vt 0.930233 0.545455
vt 0.930233 0.575758
vt 0.930233 0.606061
vt 0.930233 0.636364
vt 0.930233 0.666667
vt 0.930233 0.696970
vt 0.930233 0.727273
vt 0.930233 0.757576
vt 0.930233 0.787879
vt 0.930233 0.818182
vt 0.930233 0.848485
vt 0.930233 0.878788
vt 0.930233 0.909091
vt 0.930233 0.939394
vt 0.930233 0.969697
vt 0.930233 1.000000
vt 0.930233 -0.000000
vt 0.930233 0.030303
vt 0.930233 0.060606
vt 0.930233 0.090909
vt 0.930233 0.121212
vt 0.930233 0.151515
vt 0.930233 0.181818
vt 0.930233 0.212121
vt 0.930233 0.242424
vt 0.930233 0.272727
vt 0.930233 0.303030
vt 0.930233 0.333333
vt 0.930233 0.363636
vt 0.930233 0.393939
vt 0.930233 0.424242
vt 0.930233 0.454545
vt 0.930233 0.484848
vt 0.953488 0.515152
vt 0.953488 0.545455
vt 0.953488 0.575758
vt 0.953488 0.606061
vt 0.953488 0.636364
vt 0.953488 0.666667
vt 0.953488 0.696970
vt 0.953488 0.727273
vt 0.953488 0.757576
vt 0.953488 0.787879
vt 0.953488 0.818182
vt 0.953488 0.848485
vt 0.953488 0.878788
vt 0.953488 0.909091
vt 0.953488 0.939394
vt 0.953488 0.969697
vt 0.953488 1.000000
vt 0.953488 -0.000000
vt 0.953488 0.030303
vt 0.953488 0.060606
vt 0.953488 0.090909
vt 0.953488 0.121212
vt 0.953488 0.151515
vt 0.953488 0.181818
vt 0.953488 0.212121
vt 0.953488 0.242424
vt 0.953488 0.272727
vt 0.953488 0.303030
vt 0.953488 0.333333
vt 0.953488 0.363636
vt 0.953488 0.393939
vt 0.953488 0.424242
vt 0.953488 0.454545
vt 0.953488 0.484848
vt 0.976744 0.515152
vt 0.976744 0.545455
vt 0.976744 0.575758
vt 0.976744 0.606061
vt 0.976744 0.636364
vt 0.976744 0.666667
vt 0.976744 0.696970
vt 0.976744 0.727273
vt 0.976744 0.757576
vt 0.976744 0.787879
vt 0.976744 0.818182
vt 0.976744 0.848485
vt 0.976744 0.878788
vt 0.976744 0.909091
vt 0.976744 0.939394
vt 0.976744 0.969697
vt 0.976744 1.000000
vt 0.976744 -0.000000
vt 0.976744 0.030303
vt 0.976744 0.060606
vt 0.976744 0.090909
vt 0.976744 0.121212
vt 0.976744 0.151515
vt 0.976744 0.181818
vt 0.976744 0.212121
vt 0.976744 0.242424
vt 0.976744 0.272727
vt 0.976744 0.303030
vt 0.976744 0.333333
vt 0.976744 0.363636
vt 0.976744 0.393939
vt 0.976744 0.424242
vt 0.976744 0.454545
vt 0.976744 0.484848
vt 1.000000 0.515152
vt 1.000000 0.545455
vt 1.000000 0.575758
vt 1.000000 0.606061
vt 1.000000 0.636364
vt 1.000000 0.666667
vt 1.000000 0.696970
vt 1.000000 0.727273
vt 1.000000 0.757576
vt 1.000000 0.787879
vt 1.000000 0.818182
vt 1.000000 0.848485
vt 1.000000 0.878788
vt 1.000000 0.909091
vt 1.000000 0.939394
vt 1.000000 0.969697
vt 1.000000 1.000000
vt 1.000000 -0.000000
vt 1.000000 0.030303
vt 1.000000 0.060606
vt 1.000000 0.090909
vt 1.000000 0.121212
vt 1.000000 0.151515
vt 1.000000 0.181818
vt 1.000000 0.212121
vt 1.000000 0.242424
vt 1.000000 0.272727
vt 1.000000 0.303030
vt 1.000000 0.333333
vt 1.000000 0.363636
vt 1.000000 0.393939
vt 1.000000 0.424242
vt 1.000000 0.454545
vt 1.000000 0.484848
vt 0.000000 0.515152
vt 0.023256 0.515152
vt 0.023256 0.545455
vt 0.000000 0.545455
vt 0.023256 0.575758
vt 0.000000 0.575758
vt 0.023256 0.606061
vt 0.000000 0.606061
vt 0.023256 0.636364
vt 0.000000 0.636364
vt 0.023256 0.666667
vt 0.000000 0.666667
vt 0.023256 0.696970
vt 0.000000 0.696970
vt 0.023256 0.727273
vt 0.000000 0.727273
vt 0.023256 0.757576
vt 0.000000 0.757576
vt 0.023256 0.787879
vt 0.000000 0.787879
vt 0.023256 0.818182
vt 0.000000 0.818182
vt 0.023256 0.848485
vt 0.000000 0.848485
vt 0.023256 0.878788
vt 0.000000 0.878788
vt 0.023256 0.909091
vt 0.000000 0.909091
vt 0.023256 0.939394
vt 0.000000 0.939394
vt 0.023256 0.969697
vt 0.000000 0.969697
vt 0.023256 1.000000
vt 0.000000 1.000000
vt 0.000000 -0.000000
vt 0.023256 -0.000000
vt 0.023256 0.030303
vt 0.000000 0.030303
vt 0.023256 0.060606
vt 0.000000 0.060606
vt 0.023256 0.090909
vt 0.000000 0.090909
vt 0.023256 0.121212
vt 0.000000 0.121212
vt 0.023256 0.151515
vt 0.000000 0.151515
vt 0.023256 0.181818
vt 0.000000 0.181818
vt 0.023256 0.212121
vt 0.000000 0.212121
vt 0.023256 0.242424
vt 0.000000 0.242424
vt 0.023256 0.272727
vt 0.000000 0.272727
vt 0.023256 0.303030
vt 0.000000 0.303030
vt 0.023256 0.333333
vt 0.000000 0.333333
vt 0.023256 0.363636
vt 0.000000 0.363636
vt 0.023256 0.393939
vt 0.000000 0.393939
vt 0.023256 0.424242
vt 0.000000 0.424242
vt 0.023256 0.454545
vt 0.000000 0.454545
vt 0.023256 0.484848
vt 0.000000 0.484848
vt 0.046512 0.515152
vt 0.046512 0.545455
vt 0.046512 0.575758
vt 0.046512 0.606061
vt 0.046512 0.636364
vt 0.046512 0.666667
vt 0.046512 0.696970
vt 0.046512 0.727273
vt 0.046512 0.757576
vt 0.046512 0.787879
vt 0.046512 0.818182
vt 0.046512 0.848485
vt 0.046512 0.878788
vt 0.046512 0.909091
vt 0.046512 0.939394
vt 0.046512 0.969697
vt 0.046512 1.000000
vt 0.046512 -0.000000
vt 0.046512 0.030303
vt 0.046512 0.060606
vt 0.046512 0.090909
vt 0.046512 0.121212
vt 0.046512 0.151515
vt 0.046512 0.181818
vt 0.046512 0.212121
vt 0.046512 0.242424
vt 0.046512 0.272727
vt 0.046512 0.303030
vt 0.046512 0.333333
vt 0.046512 0.363636
vt 0.046512 0.393939
vt 0.046512 0.424242
vt 0.046512 0.454545
vt 0.046512 0.484848
vt 0.069767 0.515152
vt 0.069767 0.545455
vt 0.069767 0.575758
vt 0.069767 0.606061
vt 0.069767 0.636364
vt 0.069767 0.666667
vt 0.069767 0.696970
vt 0.069767 0.727273
vt 0.069767 0.757576
vt 0.069767 0.787879
vt 0.069767 0.818182
vt 0.069767 0.848485
vt 0.069767 0.878788
vt 0.069767 0.909091
vt 0.069767 0.939394
vt 0.069767 0.969697
vt 0.069767 1.000000
vt 0.069767 -0.000000
vt 0.069767 0.030303
vt 0.069767 0.060606
vt 0.069767 0.090909
vt 0.069767 0.121212
vt 0.069767 0.151515
vt 0.069767 0.181818
vt 0.069767 0.212121
vt 0.069767 0.242424
vt 0.069767 0.272727
vt 0.069767 0.303030
vt 0.069767 0.333333
vt 0.069767 0.363636
vt 0.069767 0.393939
vt 0.069767 0.424242
vt 0.069767 0.454545
vt 0.069767 0.484848
vt 0.093023 0.515152
vt 0.093023 0.545455
vt 0.093023 0.575758
vt 0.093023 0.606061
vt 0.093023 0.636364
vt 0.093023 0.666667
vt 0.093023 0.696970
vt 0.093023 0.727273
vt 0.093023 0.757576
vt 0.093023 0.787879
vt 0.093023 0.818182
vt 0.093023 0.848485
vt 0.093023 0.878788
vt 0.093023 0.909091
vt 0.093023 0.939394
vt 0.093023 0.969697
vt 0.093023 1.000000
vt 0.093023 -0.000000
vt 0.093023 0.030303
vt 0.093023 0.060606
vt 0.093023 0.090909
vt 0.093023 0.121212
vt 0.093023 0.151515
vt 0.093023 0.181818
vt 0.093023 0.212121
vt 0.093023 0.242424
vt 0.093023 0.272727
vt 0.093023 0.303030
vt 0.093023 0.333333
vt 0.093023 0.363636
vt 0.093023 0.393939
vt 0.093023 0.424242
vt 0.093023 0.454545
vt 0.093023 0.484848
vt 0.116279 0.515152
vt 0.116279 0.545455
vt 0.116279 0.575758
vt 0.116279 0.606061
vt 0.116279 0.636364
vt 0.116279 0.666667
vt 0.116279 0.696970
vt 0.116279 0.727273
vt 0.116279 0.757576
vt 0.116279 0.787879
vt 0.116279 0.818182
vt 0.116279 0.848485
vt 0.116279 0.878788
vt 0.116279 0.909091
vt 0.116279 0.939394
vt 0.116279 0.969697
vt 0.116279 1.000000
vt 0.116279 -0.000000
vt 0.116279 0.030303
vt 0.116279 0.060606
vt 0.116279 0.090909
vt 0.116279 0.121212
vt 0.116279 0.151515
vt 0.116279 0.181818
vt 0.116279 0.212121
vt 0.116279 0.242424
vt 0.116279 0.272727
vt 0.116279 0.303030
vt 0.116279 0.333333
vt 0.116279 0.363636
vt 0.116279 0.393939
vt 0.116279 0.424242
vt 0.116279 0.454545
vt 0.116279 0.484848
vt 0.139535 0.515152
vt 0.139535 0.545455
vt 0.139535 0.575758
vt 0.139535 0.606061
vt 0.139535 0.636364
vt 0.139535 0.666667
vt 0.139535 0.696970
vt 0.139535 0.727273
vt 0.139535 0.757576
vt 0.139535 0.787879
vt 0.139535 0.818182
vt 0.139535 0.848485
vt 0.139535 0.878788
vt 0.139535 0.909091
vt 0.139535 0.939394
vt 0.139535 0.969697
vt 0.139535 1.000000
vt 0.139535 -0.000000
vt 0.139535 0.030303
vt 0.139535 0.060606
vt 0.139535 0.090909
vt 0.139535 0.121212
vt 0.139535 0.151515
vt 0.139535 0.181818
vt 0.139535 0.212121
vt 0.139535 0.242424
vt 0.139535 0.272727
vt 0.139535 0.303030
vt 0.139535 0.333333
vt 0.139535 0.363636
vt 0.139535 0.393939
vt 0.139535 0.424242
vt 0.139535 0.454545
vt 0.139535 0.484848
vt 0.162791 0.515152
vt 0.162791 0.545455
vt 0.162791 0.575758
vt 0.162791 0.606061
vt 0.162791 0.636364
vt 0.162791 0.666667
vt 0.162791 0.696970
vt 0.162791 0.727273
vt 0.162791 0.757576
vt 0.162791 0.787879
vt 0.162791 0.818182
vt 0.162791 0.848485
vt 0.162791 0.878788
vt 0.162791 0.909091
vt 0.162791 0.939394
vt 0.162791 0.969697
vt 0.162791 1.000000
vt 0.162791 -0.000000
vt 0.162791 0.030303
vt 0.162791 0.060606
vt 0.162791 0.090909
vt 0.162791 0.121212
vt 0.162791 0.151515
vt 0.162791 0.181818
vt 0.162791 0.212121
vt 0.162791 0.242424
vt 0.162791 0.272727
vt 0.162791 0.303030
vt 0.162791 0.333333
vt 0.162791 0.363636
vt 0.162791 0.393939
vt 0.162791 0.424242
vt 0.162791 0.454545
vt 0.162791 0.484848
vt 0.186047 0.515152
vt 0.186047 0.545455
vt 0.186047 0.575758
vt 0.186047 0.606061
vt 0.186047 0.636364
vt 0.186047 0.666667
vt 0.186047 0.696970
vt 0.186047 0.727273
vt 0.186047 0.757576
vt 0.186047 0.787879
vt 0.186047 0.818182
vt 0.186047 0.848485
vt 0.186047 0.878788
vt 0.186047 0.909091
vt 0.186047 0.939394
vt 0.186047 0.969697
vt 0.186047 1.000000
vt 0.186047 -0.000000
vt 0.186047 0.030303
vt 0.186047 0.060606
vt 0.186047 0.090909
vt 0.186047 0.121212
vt 0.186047 0.151515
vt 0.186047 0.181818
vt 0.186047 0.212121
vt 0.186047 0.242424
vt 0.186047 0.272727
vt 0.186047 0.303030
vt 0.186047 0.333333
vt 0.186047 0.363636
vt 0.186047 0.393939
vt 0.186047 0.424242
vt 0.186047 0.454545
vt 0.186047 0.484848
vt 0.209302 0.515152
vt 0.209302 0.545455
vt 0.209302 0.575758
vt 0.209302 0.606061
vt 0.209302 0.636364
vt 0.209302 0.666667
vt 0.209302 0.696970
vt 0.209302 0.727273
vt 0.209302 0.757576
vt 0.209302 0.787879
vt 0.209302 0.818182
vt 0.209302 0.848485
vt 0.209302 0.878788
vt 0.209302 0.909091
vt 0.209302 0.939394
vt 0.209302 0.969697
vt 0.209302 1.000000
vt 0.209302 -0.000000
vt 0.209302 0.030303
vt 0.209302 0.060606
vt 0.209302 0.090909
vt 0.209302 0.121212
vt 0.209302 0.151515
vt 0.209302 0.181818
vt 0.209302 0.212121
vt 0.209302 0.242424
vt 0.209302 0.272727
vt 0.209302 0.303030
vt 0.209302 0.333333
vt 0.209302 0.363636
vt 0.209302 0.393939
vt 0.209302 0.424242
vt 0.209302 0.454545
vt 0.209302 0.484848
vt 0.232558 0.515152
vt 0.232558 0.545455
vt 0.232558 0.575758
vt 0.232558 0.606061
vt 0.232558 0.636364
vt 0.232558 0.666667
vt 0.232558 0.696970
vt 0.232558 0.727273
vt 0.232558 0.757576
vt 0.232558 0.787879
vt 0.232558 0.818182
vt 0.232558 0.848485
vt 0.232558 0.878788
vt 0.232558 0.909091
vt 0.232558 0.939394
vt 0.232558 0.969697
vt 0.232558 1.000000
vt 0.232558 -0.000000
vt 0.232558 0.030303
vt 0.232558 0.060606
vt 0.232558 0.090909
vt 0.232558 0.121212
vt 0.232558 0.151515
vt 0.232558 0.181818
vt 0.232558 0.212121
vt 0.232558 0.242424
vt 0.232558 0.272727
vt 0.232558 0.303030
vt 0.232558 0.333333
vt 0.232558 0.363636
vt 0.232558 0.393939
vt 0.232558 0.424242
vt 0.232558 0.454545
vt 0.232558 0.484848
vt 0.255814 0.515152
vt 0.255814 0.545455
vt 0.255814 0.575758
vt 0.255814 0.606061
vt 0.255814 0.636364
vt 0.255814 0.666667
vt 0.255814 0.696970
vt 0.255814 0.727273
vt 0.255814 0.757576
vt 0.255814 0.787879
vt 0.255814 0.818182
vt 0.255814 0.848485
vt 0.255814 0.878788
vt 0.255814 0.909091
vt 0.255814 0.939394
vt 0.255814 0.969697
vt 0.255814 1.000000
vt 0.255814 -0.000000
vt 0.255814 0.030303
vt 0.255814 0.060606
vt 0.255814 0.090909
vt 0.255814 0.121212
vt 0.255814 0.151515
vt 0.255814 0.181818
vt 0.255814 0.212121
vt 0.255814 0.242424
vt 0.255814 0.272727
vt 0.255814 0.303030
vt 0.255814 0.333333
vt 0.255814 0.363636
vt 0.255814 0.393939
vt 0.255814 0.424242
vt 0.255814 0.454545
vt 0.255814 0.484848
vt 0.279070 0.515152
vt 0.279070 0.545455
vt 0.279070 0.575758
vt 0.279070 0.606061
vt 0.279070 0.636364
vt 0.279070 0.666667
vt 0.279070 0.696970
vt 0.279070 0.727273
vt 0.279070 0.757576
vt 0.279070 0.787879
vt 0.279070 0.818182
vt 0.279070 0.848485
vt 0.279070 0.878788
vt 0.279070 0.909091
vt 0.279070 0.939394
vt 0.279070 0.969697
vt 0.279070 1.000000
vt 0.279070 -0.000000
vt 0.279070 0.030303
vt 0.279070 0.060606
vt 0.279070 0.090909
vt 0.279070 0.121212
vt 0.279070 0.151515
vt 0.279070 0.181818
vt 0.279070 0.212121
vt 0.279070 0.242424
vt 0.279070 0.272727
vt 0.279070 0.303030
vt 0.279070 0.333333
vt 0.279070 0.363636
vt 0.279070 0.393939
vt 0.279070 0.424242
vt 0.279070 0.454545
vt 0.279070 0.484848
vt 0.302326 0.515152
vt 0.302326 0.545455
vt 0.302326 0.575758
vt 0.302326 0.606061
vt 0.302326 0.636364
vt 0.302326 0.666667
vt 0.302326 0.696970
vt 0.302326 0.727273
vt 0.302326 0.757576
vt 0.302326 0.787879
vt 0.302326 0.818182
vt 0.302326 0.848485
vt 0.302326 0.878788
vt 0.302326 0.909091
vt 0.302326 0.939394
vt 0.302326 0.969697
vt 0.302326 1.000000
vt 0.302326 -0.000000
vt 0.302326 0.030303
vt 0.302326 0.060606
vt 0.302326 0.090909
vt 0.302326 0.121212
vt 0.302326 0.151515
vt 0.302326 0.181818
vt 0.302326 0.212121
vt 0.302326 0.242424
vt 0.302326 0.272727
vt 0.302326 0.303030
vt 0.302326 0.333333
vt 0.302326 0.363636
vt 0.302326 0.393939
vt 0.302326 0.424242
vt 0.302326 0.454545
vt 0.302326 0.484848
vt 0.325581 0.515152
vt 0.325581 0.545455
vt 0.325581 0.575758
vt 0.325581 0.606061
vt 0.325581 0.636364
vt 0.325581 0.666667
vt 0.325581 0.696970
vt 0.325581 0.727273
vt 0.325581 0.757576
vt 0.325581 0.787879
vt 0.325581 0.818182
vt 0.325581 0.848485
vt 0.325581 0.878788
vt 0.325581 0.909091
vt 0.325581 0.939394
vt 0.325581 0.969697
vt 0.325581 1.000000
vt 0.325581 -0.000000
vt 0.325581 0.030303
vt 0.325581 0.060606
vt 0.325581 0.090909
vt 0.325581 0.121212
vt 0.325581 0.151515
vt 0.325581 0.181818
vt 0.325581 0.212121
vt 0.325581 0.242424
vt 0.325581 0.272727
vt 0.325581 0.303030
vt 0.325581 0.333333
vt 0.325581 0.363636
vt 0.325581 0.393939
vt 0.325581 0.424242
vt 0.325581 0.454545
vt 0.325581 0.484848
vt 0.348837 0.515152
vt 0.348837 0.545455
vt 0.348837 0.575758
vt 0.348837 0.606061
vt 0.348837 0.636364
vt 0.348837 0.666667
vt 0.348837 0.696970
vt 0.348837 0.727273
vt 0.348837 0.757576
vt 0.348837 0.787879
vt 0.348837 0.818182
vt 0.348837 0.848485
vt 0.348837 0.878788
vt 0.348837 0.909091
vt 0.348837 0.939394
vt 0.348837 0.969697
vt 0.348837 1.000000
vt 0.348837 -0.000000
vt 0.348837 0.030303
vt 0.348837 0.060606
vt 0.348837 0.090909
vt 0.348837 0.121212
vt 0.348837 0.151515
vt 0.348837 0.181818
vt 0.348837 0.212121
vt 0.348837 0.242424
vt 0.348837 0.272727
vt 0.348837 0.303030
vt 0.348837 0.333333
vt 0.348837 0.363636
vt 0.348837 0.393939
vt 0.348837 0.424242
vt 0.348837 0.454545
vt 0.348837 0.484848
vt 0.372093 0.515152
vt 0.372093 0.545455
vt 0.372093 0.575758
vt 0.372093 0.606061
vt 0.372093 0.636364
vt 0.372093 0.666667
vt 0.372093 0.696970
vt 0.372093 0.727273
vt 0.372093 0.757576
vt 0.372093 0.787879
vt 0.372093 0.818182
vt 0.372093 0.848485
vt 0.372093 0.878788
vt 0.372093 0.909091
vt 0.372093 0.939394
vt 0.372093 0.969697
vt 0.372093 1.000000
vt 0.372093 -0.000000
vt 0.372093 0.030303
vt 0.372093 0.060606
vt 0.372093 0.090909
vt 0.372093 0.121212
vt 0.372093 0.151515
vt 0.372093 0.181818
vt 0.372093 0.212121
vt 0.372093 0.242424
vt 0.372093 0.272727
vt 0.372093 0.303030
vt 0.372093 0.333333
vt 0.372093 0.363636
vt 0.372093 0.393939
vt 0.372093 0.424242
vt 0.372093 0.454545
vt 0.372093 0.484848
vt 0.395349 0.515152
vt 0.395349 0.545455
vt 0.395349 0.575758
vt 0.395349 0.606061
vt 0.395349 0.636364
vt 0.395349 0.666667
vt 0.395349 0.696970
vt 0.395349 0.727273
vt 0.395349 0.757576
vt 0.395349 0.787879
vt 0.395349 0.818182
vt 0.395349 0.848485
vt 0.395349 0.878788
vt 0.395349 0.909091
vt 0.395349 0.939394
vt 0.395349 0.969697
vt 0.395349 1.000000
vt 0.395349 -0.000000
vt 0.395349 0.030303
vt 0.395349 0.060606
vt 0.395349 0.090909
vt 0.395349 0.121212
vt 0.395349 0.151515
vt 0.395349 0.181818
vt 0.395349 0.212121
vt 0.395349 0.242424
vt 0.395349 0.272727
vt 0.395349 0.303030
vt 0.395349 0.333333
vt 0.395349 0.363636
vt 0.395349 0.393939
vt 0.395349 0.424242
vt 0.395349 0.454545
vt 0.395349 0.484848
vt 0.418605 0.515152
vt 0.418605 0.545455
vt 0.418605 0.575758
vt 0.418605 0.606061
vt 0.418605 0.636364
vt 0.418605 0.666667
vt 0.418605 0.696970
vt 0.418605 0.727273
vt 0.418605 0.757576
vt 0.418605 0.787879
vt 0.418605 0.818182
vt 0.418605 0.848485
vt 0.418605 0.878788
vt 0.418605 0.909091
vt 0.418605 0.939394
vt 0.418605 0.969697
vt 0.418605 1.000000
vt 0.418605 -0.000000
vt 0.418605 0.030303
vt 0.418605 0.060606
vt 0.418605 0.090909
vt 0.418605 0.121212
vt 0.418605 0.151515
vt 0.418605 0.181818
vt 0.418605 0.212121
vt 0.418605 0.242424
vt 0.418605 0.272727
vt 0.418605 0.303030
vt 0.418605 0.333333
vt 0.418605 0.363636
vt 0.418605 0.393939
vt 0.418605 0.424242
vt 0.418605 0.454545
vt 0.418605 0.484848
vt 0.441860 0.515152
vt 0.441860 0.545455
vt 0.441860 0.575758
vt 0.441860 0.606061
vt 0.441860 0.636364
vt 0.441860 0.666667
vt 0.441860 0.696970
vt 0.441860 0.727273
vt 0.441860 0.757576
vt 0.441860 0.787879
vt 0.441860 0.818182
vt 0.441860 0.848485
vt 0.441860 0.878788
vt 0.441860 0.909091
vt 0.441860 0.939394
vt 0.441860 0.969697
vt 0.441860 1.000000
vt 0.441860 -0.000000
vt 0.441860 0.030303
vt 0.441860 0.060606
vt 0.441860 0.090909
vt 0.441860 0.121212
vt 0.441860 0.151515
vt 0.441860 0.181818
vt 0.441860 0.212121
vt 0.441860 0.242424
vt 0.441860 0.272727
vt 0.441860 0.303030
vt 0.441860 0.333333
vt 0.441860 0.363636
vt 0.441860 0.393939
vt 0.441860 0.424242
vt 0.441860 0.454545
vt 0.441860 0.484848
vt 0.465116 0.515152
vt 0.465116 0.545455
vt 0.465116 0.575758
vt 0.465116 0.606061
vt 0.465116 0.636364
vt 0.465116 0.666667
vt 0.465116 0.696970
vt 0.465116 0.727273
vt 0.465116 0.757576
vt 0.465116 0.787879
vt 0.465116 0.818182
vt 0.465116 0.848485
vt 0.465116 0.878788
vt 0.465116 0.909091
vt 0.465116 0.939394
vt 0.465116 0.969697
vt 0.465116 1.000000
vt 0.465116 -0.000000
vt 0.465116 0.030303
vt 0.465116 0.060606
vt 0.465116 0.090909
vt 0.465116 0.121212
vt 0.465116 0.151515
vt 0.465116 0.181818
vt 0.465116 0.212121
vt 0.465116 0.242424
vt 0.465116 0.272727
vt 0.465116 0.303030
vt 0.465116 0.333333
vt 0.465116 0.363636
vt 0.465116 0.393939
vt 0.465116 0.424242
vt 0.465116 0.454545
vt 0.465116 0.484848
vt 0.488372 0.515152
vt 0.488372 0.545455
vt 0.488372 0.575758
vt 0.488372 0.606061
vt 0.488372 0.636364
vt 0.488372 0.666667
vt 0.488372 0.696970
vt 0.488372 0.727273
vt 0.488372 0.757576
vt 0.488372 0.787879
vt 0.488372 0.818182
vt 0.488372 0.848485
vt 0.488372 0.878788
vt 0.488372 0.909091
vt 0.488372 0.939394
vt 0.488372 0.969697
vt 0.488372 1.000000
vt 0.488372 -0.000000
vt 0.488372 0.030303
vt 0.488372 0.060606
vt 0.488372 0.090909
vt 0.488372 0.121212
vt 0.488372 0.151515
vt 0.488372 0.181818
vt 0.488372 0.212121
vt 0.488372 0.242424
vt 0.488372 0.272727
vt 0.488372 0.303030
vt 0.488372 0.333333
vt 0.488372 0.363636
vt 0.488372 0.393939
vt 0.488372 0.424242
vt 0.488372 0.454545
vt 0.488372 0.484848
s 0
f 1/1/1 34/2/1 35/3/1 2/4/1
f 2/4/2 35/3/2 36/5/2 3/6/2
f 3/6/3 36/5/3 37/7/3 4/8/3
f 4/8/4 37/7/4 38/9/4 5/10/4
f 5/10/5 38/9/5 39/11/5 6/12/5
f 6/12/6 39/11/6 40/13/6 7/14/6
f 7/14/7 40/13/7 41/15/7 8/16/7
f 8/16/8 41/15/8 42/17/8 9/18/8
f 9/18/9 42/17/9 43/19/9 10/20/9
f 10/20/10 43/19/10 44/21/10 11/22/10
f 11/22/11 44/21/11 45/23/11 12/24/11
f 12/24/12 45/23/12 46/25/12 13/26/12
f 13/26/13 46/25/13 47/27/13 14/28/13
f 14/28/14 47/27/14 48/29/14 15/30/14
f 15/30/15 48/29/15 49/31/15 16/32/15
f 16/32/16 49/31/16 50/33/16 17/34/16
f 17/35/17 50/36/17 51/37/17 18/38/17
f 18/38/18 51/37/18 52/39/18 19/40/18
f 19/40/19 52/39/19 53/41/19 20/42/19
f 20/42/20 53/41/20 54/43/20 21/44/20
f 21/44/21 54/43/21 55/45/21 22/46/21
f 22/46/22 55/45/22 56/47/22 23/48/22
f 23/48/23 56/47/23 57/49/23 24/50/23
f 24/50/24 57/49/24 58/51/24 25/52/24
f 25/52/25 58/51/25 59/53/25 26/54/25
f 26/54/26 59/53/26 60/55/26 27/56/26
f 27/56/27 60/55/27 61/57/27 28/58/27
f 28/58/28 61/57/28 62/59/28 29/60/28
f 29/60/29 62/59/29 63/61/29 30/62/29
f 30/62/30 63/61/30 64/63/30 31/64/30
f 31/64/31 64/63/31 65/65/31 32/66/31
f 32/66/32 65/65/32 66/67/32 33/68/32
f 33/68/33 66/67/33 34/2/33 1/1/33
f 34/2/34 67/69/34 68/70/34 35/3/34
f 35/3/35 68/70/35 69/71/35 36/5/35
f 36/5/36 69/71/36 70/72/36 37/7/36
f 37/7/37 70/72/37 71/73/37 38/9/37
f 38/9/38 71/73/38 72/74/38 39/11/38
f 39/11/39 72/74/39 73/75/39 40/13/39
f 40/13/40 73/75/40 74/76/40 41/15/40
f 41/15/41 74/76/41 75/77/41 42/17/41
f 42/17/42 75/77/42 76/78/42 43/19/42
f 43/19/43 76/78/43 77/79/43 44/21/43
f 44/21/44 77/79/44 78/80/44 45/23/44
f 45/23/45 78/80/45 79/81/45 46/25/45
f 46/25/46 79/81/46 80/82/46 47/27/46
f 47/27/47 80/82/47 81/83/47 48/29/47
f 48/29/48 81/83/48 82/84/48 49/31/48
f 49/31/49 82/84/49 83/85/49 50/33/49
f 50/36/50 83/86/50 84/87/50 51/37/50
f 51/37/51 84/87/51 85/88/51 52/39/51
f 52/39/52 85/88/52 86/89/52 53/41/52
f 53/41/53 86/89/53 87/90/53 54/43/53
f 54/43/54 87/90/54 88/91/54 55/45/54
f 55/45/55 88/91/55 89/92/55 56/47/55
f 56/47/56 89/92/56 90/93/56 57/49/56
f 57/49/57 90/93/57 91/94/57 58/51/57
f 58/51/58 91/94/58 92/95/58 59/53/58
f 59/53/59 92/95/59 93/96/59 60/55/59
f 60/55/60 93/96/60 94/97/60 61/57/60
f 61/57/61 94/97/61 95/98/61 62/59/61
f 62/59/62 95/98/62 96/99/62 63/61/62
f 63/61/63 96/99/63 97/100/63 64/63/63
f 64/63/64 97/100/64 98/101/64 65/65/64
f 65/65/65 98/101/65 99/102/65 66/67/65
f 66/67/66 99/102/66 67/69/66 34/2/66
f 67/69/67 100/103/67 101/104/67 68/70/67
f 68/70/68 101/104/68 102/105/68 69/71/68
f 69/71/69 102/105/69 103/106/69 70/72/69
f 70/72/70 103/106/70 104/107/70 71/73/70
f 71/73/71 104/107/71 105/108/71 72/74/71
f 72/74/72 105/108/72 106/109/72 73/75/72
f 73/75/73 106/109/73 107/110/73 74/76/73
f 74/76/74 107/110/74 108/111/74 75/77/74
f 75/77/75 108/111/75 109/112/75 76/78/75
f 76/78/76 109/112/76 110/113/76 77/79/76
f 77/79/77 110/113/77 111/114/77 78/80/77
f 78/80/78 111/114/78 112/115/78 79/81/78
f 79/81/79 112/115/79 113/116/79 80/82/79
f 80/82/80 113/116/80 114/117/80 81/83/80
f 81/83/81 114/117/81 115/118/81 82/84/81
f 82/84/82 115/118/82 116/119/82 83/85/82
f 83/86/83 116/120/83 117/121/83 84/87/83
f 84/87/84 117/121/84 118/122/84 85/88/84
f 85/88/85 118/122/85 119/123/85 86/89/85
f 86/89/86 119/123/86 120/124/86 87/90/86
f 87/90/87 120/124/87 121/125/87 88/91/87
f 88/91/88 121/125/88 122/126/88 89/92/88
f 89/92/89 122/126/89 123/127/89 90/93/89
f 90/93/90 123/127/90 124/128/90 91/94/90
f 91/94/91 124/128/91 125/129/91 92/95/91
f 92/95/92 125/129/92 126/130/92 93/96/92
f 93/96/93 126/130/93 127/131/93 94/97/93
f 94/97/94 127/131/94 128/132/94 95/98/94
f 95/98/95 128/132/95 129/133/95 96/99/95
f 96/99/96 129/133/96 130/134/96 97/100/96
f 97/100/97 130/134/97 131/135/97 98/101/97
f 98/101/98 131/135/98 132/136/98 99/102/98
f 99/102/99 132/136/99 100/103/99 67/69/99
f 100/103/100 133/137/100 134/138/100 101/104/100
f 101/104/101 134/138/101 135/139/101 102/105/101
f 102/105/102 135/139/102 136/140/102 103/106/102
f 103/106/103 136/140/103 137/141/103 104/107/103
f 104/107/104 137/141/104 138/142/104 105/108/104
f 105/108/105 138/142/105 139/143/105 106/109/105
f 106/109/106 139/143/106 140/144/106 107/110/106
f 107/110/107 140/144/107 141/145/107 108/111/107
f 108/111/108 141/145/108 142/146/108 109/112/108
f 109/112/109 142/146/109 143/147/109 110/113/109
f 110/113/110 143/147/110 144/148/110 111/114/110
f 111/114/111 144/148/111 145/149/111 112/115/111
f 112/115/112 145/149/112 146/150/112 113/116/112
f 113/116/113 146/150/113 147/151/113 114/117/113
f 114/117/114 147/151/114 148/152/114 115/118/114
f 115/118/115 148/152/115 149/153/115 116/119/115
f 116/120/116 149/154/116 150/155/116 117/121/116
f 117/121/117 150/155/117 151/156/117 118/122/117
f 118/122/118 151/156/118 152/157/118 119/123/118
f 119/123/119 152/157/119 153/158/119 120/124/119
f 120/124/120 153/158/120 154/159/120 121/125/120
f 121/125/121 154/159/121 155/160/121 122/126/121
f 122/126/122 155/160/122 156/161/122 123/127/122
f 123/127/123 156/161/123 157/162/123 124/128/123
f 124/128/124 157/162/124 158/163/124 125/129/124
f 125/129/125 158/163/125 159/164/125 126/130/125
f 126/130/126 159/164/126 160/165/126 127/131/126
f 127/131/127 160/165/127 161/166/127 128/132/127
f 128/132/128 161/166/128 162/167/128 129/133/128
f 129/133/129 162/167/129 163/168/129 130/134/129
f 130/134/130 163/168/130 164/169/130 131/135/130
f 131/135/131 164/169/131 165/170/131 132/136/131
f 132/136/132 165/170/132 133/137/132 100/103/132
f 133/137/133 166/171/133 167/172/133 134/138/133
f 134/138/134 167/172/134 168/173/134 135/139/134
f 135/139/135 168/173/135 169/174/135 136/140/135
f 136/140/136 169/174/136 170/175/136 137/141/136
f 137/141/137 170/175/137 171/176/137 138/142/137
f 138/142/138 171/176/138 172/177/138 139/143/138
f 139/143/139 172/177/139 173/178/139 140/144/139
f 140/144/140 173/178/140 174/179/140 141/145/140
f 141/145/141 174/179/141 175/180/141 142/146/141
f 142/146/142 175/180/142 176/181/142 143/147/142
f 143/147/143 176/181/143 177/182/143 144/148/143
f 144/148/144 177/182/144 178/183/144 145/149/144
f 145/149/145 178/183/145 179/184/145 146/150/145
f 146/150/146 179/184/146 180/185/146 147/151/146
f 147/151/147 180/185/147 181/186/147 148/152/147
f 148/152/148 181/186/148 182/187/148 149/153/148
f 149/154/149 182/188/149 183/189/149 150/155/149
f 150/155/150 183/189/150 184/190/150 151/156/150
f 151/156/151 184/190/151 185/191/151 152/157/151
f 152/157/152 185/191/152 186/192/152 153/158/152
f 153/158/153 186/192/153 187/193/153 154/159/153
f 154/159/154 187/193/154 188/194/154 155/160/154
f 155/160/155 188/194/155 189/195/155 156/161/155
f 156/161/156 189/195/156 190/196/156 157/162/156
f 157/162/157 190/196/157 191/197/157 158/163/157
f 158/163/158 191/197/158 192/198/158 159/164/158
f 159/164/159 192/198/159 193/199/159 160/165/159
f 160/165/160 193/199/160 194/200/160 161/166/160
f 161/166/161 194/200/161 195/201/161 162/167/161
f 162/167/162 195/201/162 196/202/162 163/168/162
f 163/168/163 196/202/163 197/203/163 164/169/163
f 164/169/164 197/203/164 198/204/164 165/170/164
f 165/170/165 198/204/165 166/171/165 133/137/165
f 166/171/166 199/205/166 200/206/166 167/172/166
f 167/172/167 200/206/167 201/207/167 168/173/167
f 168/173/168 201/207/168 202/208/168 169/174/168
f 169/174/169 202/208/169 203/209/169 170/175/169
f 170/175/170 203/209/170 204/210/170 171/176/170
f 171/176/171 204/210/171 205/211/171 172/177/171
f 172/177/172 205/211/172 206/212/172 173/178/172
f 173/178/173 206/212/173 207/213/173 174/179/173
f 174/179/174 207/213/174 208/214/174 175/180/174
f 175/180/175 208/214/175 209/215/175 176/181/175
f 176/181/176 209/215/176 210/216/176 177/182/176
f 177/182/177 210/216/177 211/217/177 178/183/177
f 178/183/178 211/217/178 212/218/178 179/184/178
f 179/184/179 212/218/179 213/219/179 180/185/179
f 180/185/180 213/219/180 214/220/180 181/186/180
f 181/186/181 214/220/181 215/221/181 182/187/181
f 182/188/182 215/222/182 216/223/182 183/189/182
f 183/189/183 216/223/183 217/224/183 184/190/183
f 184/190/184 217/224/184 218/225/184 185/191/184
f 185/191/185 218/225/185 219/226/185 186/192/185
f 186/192/186 219/226/186 220/227/186 187/193/186
f 187/193/187 220/227/187 221/228/187 188/194/187
f 188/194/188 221/228/188 222/229/188 189/195/188
f 189/195/189 222/229/189 223/230/189 190/196/189
f 190/196/190 223/230/190 224/231/190 191/197/190
f 191/197/191 224/231/191 225/232/191 192/198/191
f 192/198/192 225/232/192 226/233/192 193/199/192
f 193/199/193 226/233/193 227/234/193 194/200/193
f 194/200/194 227/234/194 228/235/194 195/201/194
f 195/201/195 228/235/195 229/236/195 196/202/195
f 196/202/196 229/236/196 230/237/196 197/203/196
f 197/203/197 230/237/197 231/238/197 198/204/197
f 198/204/198 231/238/198 199/205/198 166/171/198
f 199/205/199 232/239/199 233/240/199 200/206/199
f 200/206/200 233/240/200 234/241/200 201/207/200
f 201/207/201 234/241/201 235/242/201 202/208/201
f 202/208/202 235/242/202 236/243/202 203/209/202
f 203/209/203 236/243/203 237/244/203 204/210/203
f 204/210/204 237/244/204 238/245/204 205/211/204
f 205/211/205 238/245/205 239/246/205 206/212/205
f 206/212/206 239/246/206 240/247/206 207/213/206
f 207/213/207 240/247/207 241/248/207 208/214/207
f 208/214/208 241/248/208 242/249/208 209/215/208
f 209/215/209 242/249/209 243/250/209 210/216/209
f 210/216/210 243/250/210 244/251/210 211/217/210
f 211/217/211 244/251/211 245/252/211 212/218/211
f 212/218/212 245/252/212 246/253/212 213/219/212
f 213/219/213 246/253/213 247/254/213 214/220/213
f 214/220/214 247/254/214 248/255/214 215/221/214
f 215/222/215 248/256/215 249/257/215 216/223/215
f 216/223/216 249/257/216 250/258/216 217/224/216
f 217/224/217 250/258/217 251/259/217 218/225/217
f 218/225/218 251/259/218 252/260/218 219/226/218
f 219/226/219 252/260/219 253/261/219 220/227/219
f 220/227/220 253/261/220 254/262/220 221/228/220
f 221/228/221 254/262/221 255/263/221 222/229/221
f 222/229/222 255/263/222 256/264/222 223/230/222
f 223/230/223 256/264/223 257/265/223 224/231/223
f 224/231/224 257/265/224 258/266/224 225/232/224
f 225/232/225 258/266/225 259/267/225 226/233/225
f 226/233/226 259/267/226 260/268/226 227/234/226
f 227/234/227 260/268/227 261/269/227 228/235/227
f 228/235/228 261/269/228 262/270/228 229/236/228
f 229/236/229 262/270/229 263/271/229 230/237/229
f 230/237/230 263/271/230 264/272/230 231/238/230
f 231/238/231 264/272/231 232/239/231 199/205/231
f 232/239/232 265/273/232 266/274/232 233/240/232
f 233/240/233 266/274/233 267/275/233 234/241/233
f 234/241/234 267/275/234 268/276/234 235/242/234
f 235/242/235 268/276/235 269/277/235 236/243/235
f 236/243/236 269/277/236 270/278/236 237/244/236
f 237/244/237 270/278/237 271/279/237 238/245/237
f 238/245/238 271/279/238 272/280/238 239/246/238
f 239/246/239 272/280/239 273/281/239 240/247/239
f 240/247/240 273/281/240 274/282/240 241/248/240
f 241/248/241 274/282/241 275/283/241 242/249/241
f 242/249/242 275/283/242 276/284/242 243/250/242
f 243/250/243 276/284/243 277/285/243 244/251/243
f 244/251/244 277/285/244 278/286/244 245/252/244
f 245/252/245 278/286/245 279/287/245 246/253/245
f 246/253/246 279/287/246 280/288/246 247/254/246
f 247/254/247 280/288/247 281/289/247 248/255/247
f 248/256/248 281/290/248 282/291/248 249/257/248
f 249/257/249 282/291/249 283/292/249 250/258/249
f 250/258/250 283/292/250 284/293/250 251/259/250
f 251/259/251 284/293/251 285/294/251 252/260/251
f 252/260/252 285/294/252 286/295/252 253/261/252
f 253/261/253 286/295/253 287/296/253 254/262/253
f 254/262/254 287/296/254 288/297/254 255/263/254
f 255/263/255 288/297/255 289/298/255 256/264/255
f 256/264/256 289/298/256 290/299/256 257/265/256
f 257/265/257 290/299/257 291/300/257 258/266/257
f 258/266/258 291/300/258 292/301/258 259/267/258
f 259/267/259 292/301/259 293/302/259 260/268/259
f 260/268/260 293/302/260 294/303/260 261/269/260
f 261/269/261 294/303/261 295/304/261 262/270/261
f 262/270/262 295/304/262 296/305/262 263/271/262
f 263/271/263 296/305/263 297/306/263 264/272/263
f 264/272/264 297/306/264 265/273/264 232/239/264
f 265/273/265 298/307/265 299/308/265 266/274/265
f 266/274/266 299/308/266 300/309/266 267/275/266
f 267/275/267 300/309/267 301/310/267 268/276/267
f 268/276/268 301/310/268 302/311/268 269/277/268
f 269/277/269 302/311/269 303/312/269 270/278/269
f 270/278/270 303/312/270 304/313/270 271/279/270
f 271/279/271 304/313/271 305/314/271 272/280/271
f 272/280/272 305/314/272 306/315/272 273/281/272
f 273/281/273 306/315/273 307/316/273 274/282/273
f 274/282/274 307/316/274 308/317/274 275/283/274
f 275/283/275 308/317/275 309/318/275 276/284/275
f 276/284/276 309/318/276 310/319/276 277/285/276
f 277/285/277 310/319/277 311/320/277 278/286/277
f 278/286/278 311/320/278 312/321/278 279/287/278
f 279/287/279 312/321/279 313/322/279 280/288/279
f 280/288/280 313/322/280 314/323/280 281/289/280
f 281/290/281 314/324/281 315/325/281 282/291/281
f 282/291/282 315/325/282 316/326/282 283/292/282
f 283/292/283 316/326/283 317/327/283 284/293/283
f 284/293/284 317/327/284 318/328/284 285/294/284
f 285/294/285 318/328/285 319/329/285 286/295/285
f 286/295/286 319/329/286 320/330/286 287/296/286
f 287/296/287 320/330/287 321/331/287 288/297/287
f 288/297/288 321/331/288 322/332/288 289/298/288
f 289/298/289 322/332/289 323/333/289 290/299/289
f 290/299/290 323/333/290 324/334/290 291/300/290
f 291/300/291 324/334/291 325/335/291 292/301/291
f 292/301/292 325/335/292 326/336/292 293/302/292
f 293/302/293 326/336/293 327/337/293 294/303/293
f 294/303/294 327/337/294 328/338/294 295/304/294
f 295/304/295 328/338/295 329/339/295 296/305/295
f 296/305/296 329/339/296 330/340/296 297/306/296
f 297/306/297 330/340/297 298/307/297 265/273/297
f 298/307/298 331/341/298 332/342/298 299/308/298
f 299/308/299 332/342/299 333/343/299 300/309/299
f 300/309/300 333/343/300 334/344/300 301/310/300
f 301/310/301 334/344/301 335/345/301 302/311/301
f 302/311/302 335/345/302 336/346/302 303/312/302
f 303/312/303 336/346/303 337/347/303 304/313/303
f 304/313/304 337/347/304 338/348/304 305/314/304
f 305/314/305 338/348/305 339/349/305 306/315/305
f 306/315/306 339/349/306 340/350/306 307/316/306
f 307/316/307 340/350/307 341/351/307 308/317/307
f 308/317/308 341/351/308 342/352/308 309/318/308
f 309/318/309 342/352/309 343/353/309 310/319/309
f 310/319/310 343/353/310 344/354/310 311/320/310
f 311/320/311 344/354/311 345/355/311 312/321/311
f 312/321/312 345/355/312 346/356/312 313/322/312
f 313/322/313 346/356/313 347/357/313 314/323/313
f 314/324/314 347/358/314 348/359/314 315/325/314
f 315/325/315 348/359/315 349/360/315 316/326/315
f 316/326/316 349/360/316 350/361/316 317/327/316
f 317/327/317 350/361/317 351/362/317 318/328/317
f 318/328/318 351/362/318 352/363/318 319/329/318
f 319/329/319 352/363/319 353/364/319 320/330/319
f 320/330/320 353/364/320 354/365/320 321/331/320
f 321/331/321 354/365/321 355/366/321 322/332/321
f 322/332/322 355/366/322 356/367/322 323/333/322
f 323/333/323 356/367/323 357/368/323 324/334/323
f 324/334/324 357/368/324 358/369/324 325/335/324
f 325/335/325 358/369/325 359/370/325 326/336/325
f 326/336/326 359/370/326 360/371/326 327/337/326
f 327/337/327 360/371/327 361/372/327 328/338/327
f 328/338/328 361/372/328 362/373/328 329/339/328
f 329/339/329 362/373/329 363/374/329 330/340/329
f 330/340/330 363/374/330 331/341/330 298/307/330
f 331/341/331 364/375/331 365/376/331 332/342/331
f 332/342/332 365/376/332 366/377/332 333/343/332
f 333/343/333 366/377/333 367/378/333 334/344/333
f 334/344/334 367/378/334 368/379/334 335/345/334
f 335/345/335 368/379/335 369/380/335 336/346/335
f 336/346/336 369/380/336 370/381/336 337/347/336
f 337/347/337 370/381/337 371/382/337 338/348/337
f 338/348/338 371/382/338 372/383/338 339/349/338
f 339/349/339 372/383/339 373/384/339 340/350/339
f 340/350/340 373/384/340 374/385/340 341/351/340
f 341/351/341 374/385/341 375/386/341 342/352/341
f 342/352/342 375/386/342 376/387/342 343/353/342
f 343/353/343 376/387/343 377/388/343 344/354/343
f 344/354/344 377/388/344 378/389/344 345/355/344
f 345/355/345 378/389/345 379/390/345 346/356/345
f 346/356/346 379/390/346 380/391/346 347/357/346
f 347/358/347 380/392/347 381/393/347 348/359/347
f 348/359/348 381/393/348 382/394/348 349/360/348
f 349/360/349 382/394/349 383/395/349 350/361/349
f 350/361/350 383/395/350 384/396/350 351/362/350
f 351/362/351 384/396/351 385/397/351 352/363/351
f 352/363/352 385/397/352 386/398/352 353/364/352
f 353/364/353 386/398/353 387/399/353 354/365/353
f 354/365/354 387/399/354 388/400/354 355/366/354
f 355/366/355 388/400/355 389/401/355 356/367/355
f 356/367/356 389/401/356 390/402/356 357/368/356
f 357/368/357 390/402/357 391/403/357 358/369/357
f 358/369/358 391/403/358 392/404/358 359/370/358
f 359/370/359 392/404/359 393/405/359 360/371/359
f 360/371/360 393/405/360 394/406/360 361/372/360
f 361/372/361 394/406/361 395/407/361 362/373/361
f 362/373/362 395/407/362 396/408/362 363/374/362
f 363/374/363 396/408/363 364/375/363 331/341/363
f 364/375/364 397/409/364 398/410/364 365/376/364
f 365/376/365 398/410/365 399/411/365 366/377/365
f 366/377/366 399/411/366 400/412/366 367/378/366
f 367/378/367 400/412/367 401/413/367 368/379/367
f 368/379/368 401/413/368 402/414/368 369/380/368
f 369/380/369 402/414/369 403/415/369 370/381/369
f 370/381/370 403/415/370 404/416/370 371/382/370
f 371/382/371 404/416/371 405/417/371 372/383/371
f 372/383/372 405/417/372 406/418/372 373/384/372
f 373/384/373 406/418/373 407/419/373 374/385/373
f 374/385/374 407/419/374 408/420/374 375/386/374
f 375/386/375 408/420/375 409/421/375 376/387/375
f 376/387/376 409/421/376 410/422/376 377/388/376
f 377/388/377 410/422/377 411/423/377 378/389/377
f 378/389/378 411/423/378 412/424/378 379/390/378
f 379/390/379 412/424/379 413/425/379 380/391/379
f 380/392/380 413/426/380 414/427/380 381/393/380
f 381/393/381 414/427/381 415/428/381 382/394/381
f 382/394/382 415/428/382 416/429/382 383/395/382
f 383/395/383 416/429/383 417/430/383 384/396/383
f 384/396/384 417/430/384 418/431/384 385/397/384
f 385/397/385 418/431/385 419/432/385 386/398/385
f 386/398/386 419/432/386 420/433/386 387/399/386
f 387/399/387 420/433/387 421/434/387 388/400/387
f 388/400/388 421/434/388 422/435/388 389/401/388
f 389/401/389 422/435/389 423/436/389 390/402/389
f 390/402/390 423/436/390 424/437/390 391/403/390
f 391/403/391 424/437/391 425/438/391 392/404/391
f 392/404/392 425/438/392 426/439/392 393/405/392
f 393/405/393 426/439/393 427/440/393 394/406/393
f 394/406/394 427/440/394 428/441/394 395/407/394
f 395/407/395 428/441/395 429/442/395 396/408/395
f 396/408/396 429/442/396 397/409/396 364/375/396
f 397/409/397 430/443/397 431/444/397 398/410/397
f 398/410/398 431/444/398 432/445/398 399/411/398
f 399/411/399 432/445/399 433/446/399 400/412/399
f 400/412/400 433/446/400 434/447/400 401/413/400
f 401/413/401 434/447/401 435/448/401 402/414/401
f 402/414/402 435/448/402 436/449/402 403/415/402
f 403/415/403 436/449/403 437/450/403 404/416/403
f 404/416/404 437/450/404 438/451/404 405/417/404
f 405/417/405 438/451/405 439/452/405 406/418/405
f 406/418/406 439/452/406 440/453/406 407/419/406
f 407/419/407 440/453/407 441/454/407 408/420/407
f 408/420/408 441/454/408 442/455/408 409/421/408
f 409/421/409 442/455/409 443/456/409 410/422/409
f 410/422/410 443/456/410 444/457/410 411/423/410
f 411/423/411 444/457/411 445/458/411 412/424/411
f 412/424/412 445/458/412 446/459/412 413/425/412
f 413/426/413 446/460/413 447/461/413 414/427/413
f 414/427/414 447/461/414 448/462/414 415/428/414
f 415/428/415 448/462/415 449/463/415 416/429/415
f 416/429/416 449/463/416 450/464/416 417/430/416
f 417/430/417 450/464/417 451/465/417 418/431/417
f 418/431/418 451/465/418 452/466/418 419/432/418
f 419/432/419 452/466/419 453/467/419 420/433/419
f 420/433/420 453/467/420 454/468/420 421/434/420
f 421/434/421 454/468/421 455/469/421 422/435/421
f 422/435/422 455/469/422 456/470/422 423/436/422
f 423/436/423 456/470/423 457/471/423 424/437/423
f 424/437/424 457/471/424 458/472/424 425/438/424
f 425/438/425 458/472/425 459/473/425 426/439/425
f 426/439/426 459/473/426 460/474/426 427/440/426
f 427/440/427 460/474/427 461/475/427 428/441/427
f 428/441/428 461/475/428 462/476/428 429/442/428
f 429/442/429 462/476/429 430/443/429 397/409/429
f 430/443/430 463/477/430 464/478/430 431/444/430
f 431/444/431 464/478/431 465/479/431 432/445/431
f 432/445/432 465/479/432 466/480/432 433/446/432
f 433/446/433 466/480/433 467/481/433 434/447/433
f 434/447/434 467/481/434 468/482/434 435/448/434
f 435/448/435 468/482/435 469/483/435 436/449/435
f 436/449/436 469/483/436 470/484/436 437/450/436
f 437/450/437 470/484/437 471/485/437 438/451/437
f 438/451/438 471/485/438 472/486/438 439/452/438
f 439/452/439 472/486/439 473/487/439 440/453/439
f 440/453/440 473/487/440 474/488/440 441/454/440
f 441/454/441 474/488/441 475/489/441 442/455/441
f 442/455/442 475/489/442 476/490/442 443/456/442
f 443/456/443 476/490/443 477/491/443 444/457/443
f 444/457/444 477/491/444 478/492/444 445/458/444
f 445/458/445 478/492/445 479/493/445 446/459/445
f 446/460/446 479/494/446 480/495/446 447/461/446
f 447/461/447 480/495/447 481/496/447 448/462/447
f 448/462/448 481/496/448 482/497/448 449/463/448
f 449/463/449 482/497/449 483/498/449 450/464/449
f 450/464/450 483/498/450 484/499/450 451/465/450
f 451/465/451 484/499/451 485/500/451 452/466/451
f 452/466/452 485/500/452 486/501/452 453/467/452
f 453/467/453 486/501/453 487/502/453 454/468/453
f 454/468/454 487/502/454 488/503/454 455/469/454
f 455/469/455 488/503/455 489/504/455 456/470/455
f 456/470/456 489/504/456 490/505/456 457/471/456
f 457/471/457 490/505/457 491/506/457 458/472/457
f 458/472/458 491/506/458 492/507/458 459/473/458
f 459/473/459 492/507/459 493/508/459 460/474/459
f 460/474/460 493/508/460 494/509/460 461/475/460
f 461/475/461 494/509/461 495/510/461 462/476/461
f 462/476/462 495/510/462 463/477/462 430/443/462
f 463/477/463 496/511/463 497/512/463 464/478/463
f 464/478/464 497/512/464 498/513/464 465/479/464
f 465/479/465 498/513/465 499/514/465 466/480/465
f 466/480/466 499/514/466 500/515/466 467/481/466
f 467/481/467 500/515/467 501/516/467 468/482/467
f 468/482/468 501/516/468 502/517/468 469/483/468
f 469/483/469 502/517/469 503/518/469 470/484/469
f 470/484/470 503/518/470 504/519/470 471/485/470
f 471/485/471 504/519/471 505/520/471 472/486/471
f 472/486/472 505/520/472 506/521/472 473/487/472
f 473/487/473 506/521/473 507/522/473 474/488/473
f 474/488/474 507/522/474 508/523/474 475/489/474
f 475/489/475 508/523/475 509/524/475 476/490/475
f 476/490/476 509/524/476 510/525/476 477/491/476
f 477/491/477 510/525/477 511/526/477 478/492/477
f 478/492/478 511/526/478 512/527/478 479/493/478
f 479/494/479 512/528/479 513/529/479 480/495/479
f 480/495/480 513/529/480 514/530/480 481/496/480
f 481/496/481 514/530/481 515/531/481 482/497/481
f 482/497/482 515/531/482 516/532/482 483/498/482
f 483/498/483 516/532/483 517/533/483 484/499/483
f 484/499/484 517/533/484 518/534/484 485/500/484
f 485/500/485 518/534/485 519/535/485 486/501/485
f 486/501/486 519/535/486 520/536/486 487/502/486
f 487/502/487 520/536/487 521/537/487 488/503/487
f 488/503/488 521/537/488 522/538/488 489/504/488
f 489/504/489 522/538/489 523/539/489 490/505/489
f 490/505/490 523/539/490 524/540/490 491/506/490
f 491/506/491 524/540/491 525/541/491 492/507/491
f 492/507/492 525/541/492 526/542/492 493/508/492
f 493/508/493 526/542/493 527/543/493 494/509/493
f 494/509/494 527/543/494 528/544/494 495/510/494
f 495/510/495 528/544/495 496/511/495 463/477/495
f 496/511/496 529/545/496 530/546/496 497/512/496
f 497/512/497 530/546/497 531/547/497 498/513/497
f 498/513/498 531/547/498 532/548/498 499/514/498
f 499/514/499 532/548/499 533/549/499 500/515/499
f 500/515/500 533/549/500 534/550/500 501/516/500
f 501/516/501 534/550/501 535/551/501 502/517/501
f 502/517/502 535/551/502 536/552/502 503/518/502
f 503/518/503 536/552/503 537/553/503 504/519/503
f 504/519/504 537/553/504 538/554/504 505/520/504
f 505/520/505 538/554/505 539/555/505 506/521/505
f 506/521/506 539/555/506 540/556/506 507/522/506
f 507/522/507 540/556/507 541/557/507 508/523/507
f 508/523/508 541/557/508 542/558/508 509/524/508
f 509/524/509 542/558/509 543/559/509 510/525/509
f 510/525/510 543/559/510 544/560/510 511/526/510
f 511/526/511 544/560/511 545/561/511 512/527/511
f 512/528/512 545/562/512 546/563/512 513/529/512
f 513/529/513 546/563/513 547/564/513 514/530/513
f 514/530/514 547/564/514 548/565/514 515/531/514
f 515/531/515 548/565/515 549/566/515 516/532/515
f 516/532/516 549/566/516 550/567/516 517/533/516
f 517/533/517 550/567/517 551/568/517 518/534/517
f 518/534/518 551/568/518 552/569/518 519/535/518
f 519/535/519 552/569/519 553/570/519 520/536/519
f 520/536/520 553/570/520 554/571/520 521/537/520
f 521/537/521 554/571/521 555/572/521 522/538/521
f 522/538/522 555/572/522 556/573/522 523/539/522
f 523/539/523 556/573/523 557/574/523 524/540/523
f 524/540/524 557/574/524 558/575/524 525/541/524
f 525/541/525 558/575/525 559/576/525 526/542/525
f 526/542/526 559/576/526 560/577/526 527/543/526
f 527/543/527 560/577/527 561/578/527 528/544/527
f 528/544/528 561/578/528 529/545/528 496/511/528
f 529/545/529 562/579/529 563/580/529 530/546/529
f 530/546/530 563/580/530 564/581/530 531/547/530
f 531/547/531 564/581/531 565/582/531 532/548/531
f 532/548/532 565/582/532 566/583/532 533/549/532
f 533/549/533 566/583/533 567/584/533 534/550/533
f 534/550/534 567/584/534 568/585/534 535/551/534
f 535/551/535 568/585/535 569/586/535 536/552/535
f 536/552/536 569/586/536 570/587/536 537/553/536
f 537/553/537 570/587/537 571/588/537 538/554/537
f 538/554/538 571/588/538 572/589/538 539/555/538
f 539/555/539 572/589/539 573/590/539 540/556/539
f 540/556/540 573/590/540 574/591/540 541/557/540
f 541/557/541 574/591/541 575/592/541 542/558/541
f 542/558/542 575/592/542 576/593/542 543/559/542
f 543/559/543 576/593/543 577/594/543 544/560/543
f 544/560/544 577/594/544 578/595/544 545/561/544
f 545/562/545 578/596/545 579/597/545 546/563/545
f 546/563/546 579/597/546 580/598/546 547/564/546
f 547/564/547 580/598/547 581/599/547 548/565/547
f 548/565/548 581/599/548 582/600/548 549/566/548
f 549/566/549 582/600/549 583/601/549 550/567/549
f 550/567/550 583/601/550 584/602/550 551/568/550
f 551/568/551 584/602/551 585/603/551 552/569/551
f 552/569/552 585/603/552 586/604/552 553/570/552
f 553/570/553 586/604/553 587/605/553 554/571/553
f 554/571/554 587/605/554 588/606/554 555/572/554
f 555/572/555 588/606/555 589/607/555 556/573/555
f 556/573/556 589/607/556 590/608/556 557/574/556
f 557/574/557 590/608/557 591/609/557 558/575/557
f 558/575/558 591/609/558 592/610/558 559/576/558
f 559/576/559 592/610/559 593/611/559 560/577/559
f 560/577/560 593/611/560 594/612/560 561/578/560
f 561/578/561 594/612/561 562/579/561 529/545/561
f 562/579/562 595/613/562 596/614/562 563/580/562
f 563/580/563 596/614/563 597/615/563 564/581/563
f 564/581/564 597/615/564 598/616/564 565/582/564
f 565/582/565 598/616/565 599/617/565 566/583/565
f 566/583/566 599/617/566 600/618/566 567/584/566
f 567/584/567 600/618/567 601/619/567 568/585/567
f 568/585/568 601/619/568 602/620/568 569/586/568
f 569/586/569 602/620/569 603/621/569 570/587/569
f 570/587/570 603/621/570 604/622/570 571/588/570
f 571/588/571 604/622/571 605/623/571 572/589/571
f 572/589/572 605/623/572 606/624/572 573/590/572
f 573/590/573 606/624/573 607/625/573 574/591/573
f 574/591/574 607/625/574 608/626/574 575/592/574
f 575/592/575 608/626/575 609/627/575 576/593/575
f 576/593/576 609/627/576 610/628/576 577/594/576
f 577/594/577 610/628/577 611/629/577 578/595/577
f 578/596/578 611/630/578 612/631/578 579/597/578
f 579/597/579 612/631/579 613/632/579 580/598/579
f 580/598/580 613/632/580 614/633/580 581/599/580
f 581/599/581 614/633/581 615/634/581 582/600/581
f 582/600/582 615/634/582 616/635/582 583/601/582
f 583/601/583 616/635/583 617/636/583 584/602/583
f 584/602/584 617/636/584 618/637/584 585/603/584
f 585/603/585 618/637/585 619/638/585 586/604/585
f 586/604/586 619/638/586 620/639/586 587/605/586
f 587/605/587 620/639/587 621/640/587 588/606/587
f 588/606/588 621/640/588 622/641/588 589/607/588
f 589/607/589 622/641/589 623/642/589 590/608/589
f 590/608/590 623/642/590 624/643/590 591/609/590
f 591/609/591 624/643/591 625/644/591 592/610/591
f 592/610/592 625/644/592 626/645/592 593/611/592
f 593/611/593 626/645/593 627/646/593 594/612/593
f 594/612/594 627/646/594 595/613/594 562/579/594
f 595/613/595 628/647/595 629/648/595 596/614/595
f 596/614/596 629/648/596 630/649/596 597/615/596
f 597/615/597 630/649/597 631/650/597 598/616/597
f 598/616/598 631/650/598 632/651/598 599/617/598
f 599/617/599 632/651/599 633/652/599 600/618/599
f 600/618/600 633/652/600 634/653/600 601/619/600
f 601/619/601 634/653/601 635/654/601 602/620/601
f 602/620/602 635/654/602 636/655/602 603/621/602
f 603/621/603 636/655/603 637/656/603 604/622/603
f 604/622/604 637/656/604 638/657/604 605/623/604
f 605/623/605 638/657/605 639/658/605 606/624/605
f 606/624/606 639/658/606 640/659/606 607/625/606
f 607/625/607 640/659/607 641/660/607 608/626/607
f 608/626/608 641/660/608 642/661/608 609/627/608
f 609/627/609 642/661/609 643/662/609 610/628/609
f 610/628/610 643/662/610 644/663/610 611/629/610
f 611/630/611 644/664/611 645/665/611 612/631/611
f 612/631/612 645/665/612 646/666/612 613/632/612
f 613/632/613 646/666/613 647/667/613 614/633/613
f 614/633/614 647/667/614 648/668/614 615/634/614
f 615/634/615 648/668/615 649/669/615 616/635/615
f 616/635/616 649/669/616 650/670/616 617/636/616
f 617/636/617 650/670/617 651/671/617 618/637/617
f 618/637/618 651/671/618 652/672/618 619/638/618
f 619/638/619 652/672/619 653/673/619 620/639/619
f 620/639/620 653/673/620 654/674/620 621/640/620
f 621/640/621 654/674/621 655/675/621 622/641/621
f 622/641/622 655/675/622 656/676/622 623/642/622
f 623/642/623 656/676/623 657/677/623 624/643/623
f 624/643/624 657/677/624 658/678/624 625/644/624
f 625/644/625 658/678/625 659/679/625 626/645/625
f 626/645/626 659/679/626 660/680/626 627/646/626
f 627/646/627 660/680/627 628/647/627 595/613/627
f 628/647/628 661/681/628 662/682/628 629/648/628
f 629/648/629 662/682/629 663/683/629 630/649/629
f 630/649/630 663/683/630 664/684/630 631/650/630
f 631/650/631 664/684/631 665/685/631 632/651/631
f 632/651/632 665/685/632 666/686/632 633/652/632
f 633/652/633 666/686/633 667/687/633 634/653/633
f 634/653/634 667/687/634 668/688/634 635/654/634
f 635/654/635 668/688/635 669/689/635 636/655/635
f 636/655/636 669/689/636 670/690/636 637/656/636
f 637/656/637 670/690/637 671/691/637 638/657/637
f 638/657/638 671/691/638 672/692/638 639/658/638
f 639/658/639 672/692/639 673/693/639 640/659/639
f 640/659/640 673/693/640 674/694/640 641/660/640
f 641/660/641 674/694/641 675/695/641 642/661/641
f 642/661/642 675/695/642 676/696/642 643/662/642
f 643/662/643 676/696/643 677/697/643 644/663/643
f 644/664/644 677/698/644 678/699/644 645/665/644
f 645/665/645 678/699/645 679/700/645 646/666/645
f 646/666/646 679/700/646 680/701/646 647/667/646
f 647/667/647 680/701/647 681/702/647 648/668/647
f 648/668/648 681/702/648 682/703/648 649/669/648
f 649/669/649 682/703/649 683/704/649 650/670/649
f 650/670/650 683/704/650 684/705/650 651/671/650
f 651/671/651 684/705/651 685/706/651 652/672/651
f 652/672/652 685/706/652 686/707/652 653/673/652
f 653/673/653 686/707/653 687/708/653 654/674/653
f 654/674/654 687/708/654 688/709/654 655/675/654
f 655/675/655 688/709/655 689/710/655 656/676/655
f 656/676/656 689/710/656 690/711/656 657/677/656
f 657/677/657 690/711/657 691/712/657 658/678/657
f 658/678/658 691/712/658 692/713/658 659/679/658
f 659/679/659 692/713/659 693/714/659 660/680/659
f 660/680/660 693/714/660 661/681/660 628/647/660
f 661/681/661 694/715/661 695/716/661 662/682/661
f 662/682/662 695/716/662 696/717/662 663/683/662
f 663/683/663 696/717/663 697/718/663 664/684/663
f 664/684/664 697/718/664 698/719/664 665/685/664
f 665/685/665 698/719/665 699/720/665 666/686/665
f 666/686/666 699/720/666 700/721/666 667/687/666
f 667/687/667 700/721/667 701/722/667 668/688/667
f 668/688/668 701/722/668 702/723/668 669/689/668
f 669/689/669 702/723/669 703/724/669 670/690/669
f 670/690/670 703/724/670 704/725/670 671/691/670
f 671/691/671 704/725/671 705/726/671 672/692/671
f 672/692/672 705/726/672 706/727/672 673/693/672
f 673/693/673 706/727/673 707/728/673 674/694/673
f 674/694/674 707/728/674 708/729/674 675/695/674
f 675/695/675 708/729/675 709/730/675 676/696/675
f 676/696/676 709/730/676 710/731/676 677/697/676
f 677/698/677 710/732/677 711/733/677 678/699/677
f 678/699/678 711/733/678 712/734/678 679/700/678
f 679/700/679 712/734/679 713/735/679 680/701/679
f 680/701/680 713/735/680 714/736/680 681/702/680
f 681/702/681 714/736/681 715/737/681 682/703/681
f 682/703/682 715/737/682 716/738/682 683/704/682
f 683/704/683 716/738/683 717/739/683 684/705/683
f 684/705/684 717/739/684 718/740/684 685/706/684
f 685/706/685 718/740/685 719/741/685 686/707/685
f 686/707/686 719/741/686 720/742/686 687/708/686
f 687/708/687 720/742/687 721/743/687 688/709/687
f 688/709/688 721/743/688 722/744/688 689/710/688
f 689/710/689 722/744/689 723/745/689 690/711/689
f 690/711/690 723/745/690 724/746/690 691/712/690
f 691/712/691 724/746/691 725/747/691 692/713/691
f 692/713/692 725/747/692 726/748/692 693/714/692
f 693/714/693 726/748/693 694/715/693 661/681/693
f 694/749/694 727/750/694 728/751/694 695/752/694
f 695/752/695 728/751/695 729/753/695 696/754/695
f 696/754/696 729/753/696 730/755/696 697/756/696
f 697/756/697 730/755/697 731/757/697 698/758/697
f 698/758/698 731/757/698 732/759/698 699/760/698
f 699/760/699 732/759/699 733/761/699 700/762/699
f 700/762/700 733/761/700 734/763/700 701/764/700
f 701/764/701 734/763/701 735/765/701 702/766/701
f 702/766/702 735/765/702 736/767/702 703/768/702
f 703/768/703 736/767/703 737/769/703 704/770/703
f 704/770/704 737/769/704 738/771/704 705/772/704
f 705/772/705 738/771/705 739/773/705 706/774/705
f 706/774/706 739/773/706 740/775/706 707/776/706
f 707/776/707 740/775/707 741/777/707 708/778/707
f 708/778/708 741/777/708 742/779/708 709/780/708
f 709/780/709 742/779/709 743/781/709 710/782/709
f 710/783/710 743/784/710 744/785/710 711/786/710
f 711/786/711 744/785/711 745/787/711 712/788/711
f 712/788/712 745/787/712 746/789/712 713/790/712
f 713/790/713 746/789/713 747/791/713 714/792/713
f 714/792/714 747/791/714 748/793/714 715/794/714
f 715/794/715 748/793/715 749/795/715 716/796/715
f 716/796/716 749/795/716 750/797/716 717/798/716
f 717/798/717 750/797/717 751/799/717 718/800/717
f 718/800/718 751/799/718 752/801/718 719/802/718
f 719/802/719 752/801/719 753/803/719 720/804/719
f 720/804/720 753/803/720 754/805/720 721/806/720
f 721/806/721 754/805/721 755/807/721 722/808/721
f 722/808/722 755/807/722 756/809/722 723/810/722
f 723/810/723 756/809/723 757/811/723 724/812/723
f 724/812/724 757/811/724 758/813/724 725/814/724
f 725/814/725 758/813/725 759/815/725 726/816/725
f 726/816/726 759/815/726 727/750/726 694/749/726
f 727/750/727 760/817/727 761/818/727 728/751/727
f 728/751/728 761/818/728 762/819/728 729/753/728
f 729/753/729 762/819/729 763/820/729 730/755/729
f 730/755/730 763/820/730 764/821/730 731/757/730
f 731/757/731 764/821/731 765/822/731 732/759/731
f 732/759/732 765/822/732 766/823/732 733/761/732
f 733/761/733 766/823/733 767/824/733 734/763/733
f 734/763/734 767/824/734 768/825/734 735/765/734
f 735/765/735 768/825/735 769/826/735 736/767/735
f 736/767/736 769/826/736 770/827/736 737/769/736
f 737/769/737 770/827/737 771/828/737 738/771/737
f 738/771/738 771/828/738 772/829/738 739/773/738
f 739/773/739 772/829/739 773/830/739 740/775/739
f 740/775/740 773/830/740 774/831/740 741/777/740
f 741/777/741 774/831/741 775/832/741 742/779/741
f 742/779/742 775/832/742 776/833/742 743/781/742
f 743/784/743 776/834/743 777/835/743 744/785/743
f 744/785/744 777/835/744 778/836/744 745/787/744
f 745/787/745 778/836/745 779/837/745 746/789/745
f 746/789/746 779/837/746 780/838/746 747/791/746
f 747/791/747 780/838/747 781/839/747 748/793/747
f 748/793/748 781/839/748 782/840/748 749/795/748
f 749/795/749 782/840/749 783/841/749 750/797/749
f 750/797/750 783/841/750 784/842/750 751/799/750
f 751/799/751 784/842/751 785/843/751 752/801/751
f 752/801/752 785/843/752 786/844/752 753/803/752
f 753/803/753 786/844/753 787/845/753 754/805/753
f 754/805/754 787/845/754 788/846/754 755/807/754
f 755/807/755 788/846/755 789/847/755 756/809/755
f 756/809/756 789/847/756 790/848/756 757/811/756
f 757/811/757 790/848/757 791/849/757 758/813/757
f 758/813/758 791/849/758 792/850/758 759/815/758
f 759/815/759 792/850/759 760/817/759 727/750/759
f 760/817/760 793/851/760 794/852/760 761/818/760
f 761/818/761 794/852/761 795/853/761 762/819/761
f 762/819/762 795/853/762 796/854/762 763/820/762
f 763/820/763 796/854/763 797/855/763 764/821/763
f 764/821/764 797/855/764 798/856/764 765/822/764
f 765/822/765 798/856/765 799/857/765 766/823/765
f 766/823/766 799/857/766 800/858/766 767/824/766
f 767/824/767 800/858/767 801/859/767 768/825/767
f 768/825/768 801/859/768 802/860/768 769/826/768
f 769/826/769 802/860/769 803/861/769 770/827/769
f 770/827/770 803/861/770 804/862/770 771/828/770
f 771/828/771 804/862/771 805/863/771 772/829/771
f 772/829/772 805/863/772 806/864/772 773/830/772
f 773/830/773 806/864/773 807/865/773 774/831/773
f 774/831/774 807/865/774 808/866/774 775/832/774
f 775/832/775 808/866/775 809/867/775 776/833/775
f 776/834/776 809/868/776 810/869/776 777/835/776
f 777/835/777 810/869/777 811/870/777 778/836/777
f 778/836/778 811/870/778 812/871/778 779/837/778
f 779/837/779 812/871/779 813/872/779 780/838/779
f 780/838/780 813/872/780 814/873/780 781/839/780
f 781/839/781 814/873/781 815/874/781 782/840/781
f 782/840/782 815/874/782 816/875/782 783/841/782
f 783/841/783 816/875/783 817/876/783 784/842/783
f 784/842/784 817/876/784 818/877/784 785/843/784
f 785/843/785 818/877/785 819/878/785 786/844/785
f 786/844/786 819/878/786 820/879/786 787/845/786
f 787/845/787 820/879/787 821/880/787 788/846/787
f 788/846/788 821/880/788 822/881/788 789/847/788
f 789/847/789 822/881/789 823/882/789 790/848/789
f 790/848/790 823/882/790 824/883/790 791/849/790
f 791/849/791 824/883/791 825/884/791 792/850/791
f 792/850/792 825/884/792 793/851/792 760/817/792
f 793/851/793 826/885/793 827/886/793 794/852/793
f 794/852/794 827/886/794 828/887/794 795/853/794
f 795/853/795 828/887/795 829/888/795 796/854/795
f 796/854/796 829/888/796 830/889/796 797/855/796
f 797/855/797 830/889/797 831/890/797 798/856/797
f 798/856/798 831/890/798 832/891/798 799/857/798
f 799/857/799 832/891/799 833/892/799 800/858/799
f 800/858/800 833/892/800 834/893/800 801/859/800
f 801/859/801 834/893/801 835/894/801 802/860/801
f 802/860/802 835/894/802 836/895/802 803/861/802
f 803/861/803 836/895/803 837/896/803 804/862/803
f 804/862/804 837/896/804 838/897/804 805/863/804
f 805/863/805 838/897/805 839/898/805 806/864/805
f 806/864/806 839/898/806 840/899/806 807/865/806
f 807/865/807 840/899/807 841/900/807 808/866/807
f 808/866/808 841/900/808 842/901/808 809/867/808
f 809/868/809 842/902/809 843/903/809 810/869/809
f 810/869/810 843/903/810 844/904/810 811/870/810
f 811/870/811 844/904/811 845/905/811 812/871/811
f 812/871/812 845/905/812 846/906/812 813/872/812
f 813/872/813 846/906/813 847/907/813 814/873/813
f 814/873/814 847/907/814 848/908/814 815/874/814
f 815/874/815 848/908/815 849/909/815 816/875/815
f 816/875/816 849/909/816 850/910/816 817/876/816
f 817/876/817 850/910/817 851/911/817 818/877/817
f 818/877/818 851/911/818 852/912/818 819/878/818
f 819/878/819 852/912/819 853/913/819 820/879/819
f 820/879/820 853/913/820 854/914/820 821/880/820
f 821/880/821 854/914/821 855/915/821 822/881/821
f 822/881/822 855/915/822 856/916/822 823/882/822
f 823/882/823 856/916/823 857/917/823 824/883/823
f 824/883/824 857/917/824 858/918/824 825/884/824
f 825/884/825 858/918/825 826/885/825 793/851/825
f 826/885/826 859/919/826 860/920/826 827/886/826
f 827/886/827 860/920/827 861/921/827 828/887/827
f 828/887/828 861/921/828 862/922/828 829/888/828
f 829/888/829 862/922/829 863/923/829 830/889/829
f 830/889/830 863/923/830 864/924/830 831/890/830
f 831/890/831 864/924/831 865/925/831 832/891/831
f 832/891/832 865/925/832 866/926/832 833/892/832
f 833/892/833 866/926/833 867/927/833 834/893/833
f 834/893/834 867/927/834 868/928/834 835/894/834
f 835/894/835 868/928/835 869/929/835 836/895/835
f 836/895/836 869/929/836 870/930/836 837/896/836
f 837/896/837 870/930/837 871/931/837 838/897/837
f 838/897/838 871/931/838 872/932/838 839/898/838
f 839/898/839 872/932/839 873/933/839 840/899/839
f 840/899/840 873/933/840 874/934/840 841/900/840
f 841/900/841 874/934/841 875/935/841 842/901/841
f 842/902/842 875/936/842 876/937/842 843/903/842
f 843/903/843 876/937/843 877/938/843 844/904/843
f 844/904/844 877/938/844 878/939/844 845/905/844
f 845/905/845 878/939/845 879/940/845 846/906/845
f 846/906/846 879/940/846 880/941/846 847/907/846
f 847/907/847 880/941/847 881/942/847 848/908/847
f 848/908/848 881/942/848 882/943/848 849/909/848
f 849/909/849 882/943/849 883/944/849 850/910/849
f 850/910/850 883/944/850 884/945/850 851/911/850
f 851/911/851 884/945/851 885/946/851 852/912/851
f 852/912/852 885/946/852 886/947/852 853/913/852
f 853/913/853 886/947/853 887/948/853 854/914/853
f 854/914/854 887/948/854 888/949/854 855/915/854
f 855/915/855 888/949/855 889/950/855 856/916/855
f 856/916/856 889/950/856 890/951/856 857/917/856
f 857/917/857 890/951/857 891/952/857 858/918/857
f 858/918/858 891/952/858 859/919/858 826/885/858
f 859/919/859 892/953/859 893/954/859 860/920/859
f 860/920/860 893/954/860 894/955/860 861/921/860
f 861/921/861 894/955/861 895/956/861 862/922/861
f 862/922/862 895/956/862 896/957/862 863/923/862
f 863/923/863 896/957/863 897/958/863 864/924/863
f 864/924/864 897/958/864 898/959/864 865/925/864
f 865/925/865 898/959/865 899/960/865 866/926/865
f 866/926/866 899/960/866 900/961/866 867/927/866
f 867/927/867 900/961/867 901/962/867 868/928/867
f 868/928/868 901/962/868 902/963/868 869/929/868
f 869/929/869 902/963/869 903/964/869 870/930/869
f 870/930/870 903/964/870 904/965/870 871/931/870
f 871/931/871 904/965/871 905/966/871 872/932/871
f 872/932/872 905/966/872 906/967/872 873/933/872
f 873/933/873 906/967/873 907/968/873 874/934/873
f 874/934/874 907/968/874 908/969/874 875/935/874
f 875/936/875 908/970/875 909/971/875 876/937/875
f 876/937/876 909/971/876 910/972/876 877/938/876
f 877/938/877 910/972/877 911/973/877 878/939/877
f 878/939/878 911/973/878 912/974/878 879/940/878
f 879/940/879 912/974/879 913/975/879 880/941/879
f 880/941/880 913/975/880 914/976/880 881/942/880
f 881/942/881 914/976/881 915/977/881 882/943/881
f 882/943/882 915/977/882 916/978/882 883/944/882
f 883/944/883 916/978/883 917/979/883 884/945/883
f 884/945/884 917/979/884 918/980/884 885/946/884
f 885/946/885 918/980/885 919/981/885 886/947/885
f 886/947/886 919/981/886 920/982/886 887/948/886
f 887/948/887 920/982/887 921/983/887 888/949/887
f 888/949/888 921/983/888 922/984/888 889/950/888
f 889/950/889 922/984/889 923/985/889 890/951/889
f 890/951/890 923/985/890 924/986/890 891/952/890
f 891/952/891 924/986/891 892/953/891 859/919/891
f 892/953/892 925/987/892 926/988/892 893/954/892
f 893/954/893 926/988/893 927/989/893 894/955/893
f 894/955/894 927/989/894 928/990/894 895/956/894
f 895/956/895 928/990/895 929/991/895 896/957/895
f 896/957/896 929/991/896 930/992/896 897/958/896
f 897/958/897 930/992/897 931/993/897 898/959/897
f 898/959/898 931/993/898 932/994/898 899/960/898
f 899/960/899 932/994/899 933/995/899 900/961/899
f 900/961/900 933/995/900 934/996/900 901/962/900
f 901/962/901 934/996/901 935/997/901 902/963/901
f 902/963/902 935/997/902 936/998/902 903/964/902
f 903/964/903 936/998/903 937/999/903 904/965/903
f 904/965/904 937/999/904 938/1000/904 905/966/904
f 905/966/905 938/1000/905 939/1001/905 906/967/905
f 906/967/906 939/1001/906 940/1002/906 907/968/906
f 907/968/907 940/1002/907 941/1003/907 908/969/907
f 908/970/908 941/1004/908 942/1005/908 909/971/908
f 909/971/909 942/1005/909 943/1006/909 910/972/909
f 910/972/910 943/1006/910 944/1007/910 911/973/910
f 911/973/911 944/1007/911 945/1008/911 912/974/911
f 912/974/912 945/1008/912 946/1009/912 913/975/912
f 913/975/913 946/1009/913 947/1010/913 914/976/913
f 914/976/914 947/1010/914 948/1011/914 915/977/914
f 915/977/915 948/1011/915 949/1012/915 916/978/915
f 916/978/916 949/1012/916 950/1013/916 917/979/916
f 917/979/917 950/1013/917 951/1014/917 918/980/917
f 918/980/918 951/1014/918 952/1015/918 919/981/918
f 919/981/919 952/1015/919 953/1016/919 920/982/919
f 920/982/920 953/1016/920 954/1017/920 921/983/920
f 921/983/921 954/1017/921 955/1018/921 922/984/921
f 922/984/922 955/1018/922 956/1019/922 923/985/922
f 923/985/923 956/1019/923 957/1020/923 924/986/923
f 924/986/924 957/1020/924 925/987/924 892/953/924
f 925/987/925 958/1021/925 959/1022/925 926/988/925
f 926/988/926 959/1022/926 960/1023/926 927/989/926
f 927/989/927 960/1023/927 961/1024/927 928/990/927
f 928/990/928 961/1024/928 962/1025/928 929/991/928
f 929/991/929 962/1025/929 963/1026/929 930/992/929
f 930/992/930 963/1026/930 964/1027/930 931/993/930
f 931/993/931 964/1027/931 965/1028/931 932/994/931
f 932/994/932 965/1028/932 966/1029/932 933/995/932
f 933/995/933 966/1029/933 967/1030/933 934/996/933
f 934/996/934 967/1030/934 968/1031/934 935/997/934
f 935/997/935 968/1031/935 969/1032/935 936/998/935
f 936/998/936 969/1032/936 970/1033/936 937/999/936
f 937/999/937 970/1033/937 971/1034/937 938/1000/937
f 938/1000/938 971/1034/938 972/1035/938 939/1001/938
f 939/1001/939 972/1035/939 973/1036/939 940/1002/939
f 940/1002/940 973/1036/940 974/1037/940 941/1003/940
f 941/1004/941 974/1038/941 975/1039/941 942/1005/941
f 942/1005/942 975/1039/942 976/1040/942 943/1006/942
f 943/1006/943 976/1040/943 977/1041/943 944/1007/943
f 944/1007/944 977/1041/944 978/1042/944 945/1008/944
f 945/1008/945 978/1042/945 979/1043/945 946/1009/945
f 946/1009/946 979/1043/946 980/1044/946 947/1010/946
f 947/1010/947 980/1044/947 981/1045/947 948/1011/947
f 948/1011/948 981/1045/948 982/1046/948 949/1012/948
f 949/1012/949 982/1046/949 983/1047/949 950/1013/949
f 950/1013/950 983/1047/950 984/1048/950 951/1014/950
f 951/1014/951 984/1048/951 985/1049/951 952/1015/951
f 952/1015/952 985/1049/952 986/1050/952 953/1016/952
f 953/1016/953 986/1050/953 987/1051/953 954/1017/953
f 954/1017/954 987/1051/954 988/1052/954 955/1018/954
f 955/1018/955 988/1052/955 989/1053/955 956/1019/955
f 956/1019/956 989/1053/956 990/1054/956 957/1020/956
f 957/1020/957 990/1054/957 958/1021/957 925/987/957
f 958/1021/958 991/1055/958 992/1056/958 959/1022/958
f 959/1022/959 992/1056/959 993/1057/959 960/1023/959
f 960/1023/960 993/1057/960 994/1058/960 961/1024/960
f 961/1024/961 994/1058/961 995/1059/961 962/1025/961
f 962/1025/962 995/1059/962 996/1060/962 963/1026/962
f 963/1026/963 996/1060/963 997/1061/963 964/1027/963
f 964/1027/964 997/1061/964 998/1062/964 965/1028/964
f 965/1028/965 998/1062/965 999/1063/965 966/1029/965
f 966/1029/966 999/1063/966 1000/1064/966 967/1030/966
f 967/1030/967 1000/1064/967 1001/1065/967 968/1031/967
f 968/1031/968 1001/1065/968 1002/1066/968 969/1032/968
f 969/1032/969 1002/1066/969 1003/1067/969 970/1033/969
f 970/1033/970 1003/1067/970 1004/1068/970 971/1034/970
f 971/1034/971 1004/1068/971 1005/1069/971 972/1035/971
f 972/1035/972 1005/1069/972 1006/1070/972 973/1036/972
f 973/1036/973 1006/1070/973 1007/1071/973 974/1037/973
f 974/1038/974 1007/1072/974 1008/1073/974 975/1039/974
f 975/1039/975 1008/1073/975 1009/1074/975 976/1040/975
f 976/1040/976 1009/1074/976 1010/1075/976 977/1041/976
f 977/1041/977 1010/1075/977 1011/1076/977 978/1042/977
f 978/1042/978 1011/1076/978 1012/1077/978 979/1043/978
f 979/1043/979 1012/1077/979 1013/1078/979 980/1044/979
f 980/1044/980 1013/1078/980 1014/1079/980 981/1045/980
f 981/1045/981 1014/1079/981 1015/1080/981 982/1046/981
f 982/1046/982 1015/1080/982 1016/1081/982 983/1047/982
f 983/1047/983 1016/1081/983 1017/1082/983 984/1048/983
f 984/1048/984 1017/1082/984 1018/1083/984 985/1049/984
f 985/1049/985 1018/1083/985 1019/1084/985 986/1050/985
f 986/1050/986 1019/1084/986 1020/1085/986 987/1051/986
f 987/1051/987 1020/1085/987 1021/1086/987 988/1052/987
f 988/1052/988 1021/1086/988 1022/1087/988 989/1053/988
f 989/1053/989 1022/1087/989 1023/1088/989 990/1054/989
f 990/1054/990 1023/1088/990 991/1055/990 958/1021/990
f 991/1055/991 1024/1089/991 1025/1090/991 992/1056/991
f 992/1056/992 1025/1090/992 1026/1091/992 993/1057/992
f 993/1057/993 1026/1091/993 1027/1092/993 994/1058/993
f 994/1058/994 1027/1092/994 1028/1093/994 995/1059/994
f 995/1059/995 1028/1093/995 1029/1094/995 996/1060/995
f 996/1060/996 1029/1094/996 1030/1095/996 997/1061/996
f 997/1061/997 1030/1095/997 1031/1096/997 998/1062/997
f 998/1062/998 1031/1096/998 1032/1097/998 999/1063/998
f 999/1063/999 1032/1097/999 1033/1098/999 1000/1064/999
f 1000/1064/1000 1033/1098/1000 1034/1099/1000 1001/1065/1000
f 1001/1065/1001 1034/1099/1001 1035/1100/1001 1002/1066/1001
f 1002/1066/1002 1035/1100/1002 1036/1101/1002 1003/1067/1002
f 1003/1067/1003 1036/1101/1003 1037/1102/1003 1004/1068/1003
f 1004/1068/1004 1037/1102/1004 1038/1103/1004 1005/1069/1004
f 1005/1069/1005 1038/1103/1005 1039/1104/1005 1006/1070/1005
f 1006/1070/1006 1039/1104/1006 1040/1105/1006 1007/1071/1006
f 1007/1072/1007 1040/1106/1007 1041/1107/1007 1008/1073/1007
f 1008/1073/1008 1041/1107/1008 1042/1108/1008 1009/1074/1008
f 1009/1074/1009 1042/1108/1009 1043/1109/1009 1010/1075/1009
f 1010/1075/1010 1043/1109/1010 1044/1110/1010 1011/1076/1010
f 1011/1076/1011 1044/1110/1011 1045/1111/1011 1012/1077/1011
f 1012/1077/1012 1045/1111/1012 1046/1112/1012 1013/1078/1012
f 1013/1078/1013 1046/1112/1013 1047/1113/1013 1014/1079/1013
f 1014/1079/1014 1047/1113/1014 1048/1114/1014 1015/1080/1014
f 1015/1080/1015 1048/1114/1015 1049/1115/1015 1016/1081/1015
f 1016/1081/1016 1049/1115/1016 1050/1116/1016 1017/1082/1016
f 1017/1082/1017 1050/1116/1017 1051/1117/1017 1018/1083/1017
f 1018/1083/1018 1051/1117/1018 1052/1118/1018 1019/1084/1018
f 1019/1084/1019 1052/1118/1019 1053/1119/1019 1020/1085/1019
f 1020/1085/1020 1053/1119/1020 1054/1120/1020 1021/1086/1020
f 1021/1086/1021 1054/1120/1021 1055/1121/1021 1022/1087/1021
f 1022/1087/1022 1055/1121/1022 1056/1122/1022 1023/1088/1022
f 1023/1088/1023 1056/1122/1023 1024/1089/1023 991/1055/1023
f 1024/1089/1024 1057/1123/1024 1058/1124/1024 1025/1090/1024
f 1025/1090/1025 1058/1124/1025 1059/1125/1025 1026/1091/1025
f 1026/1091/1026 1059/1125/1026 1060/1126/1026 1027/1092/1026
f 1027/1092/1027 1060/1126/1027 1061/1127/1027 1028/1093/1027
f 1028/1093/1028 1061/1127/1028 1062/1128/1028 1029/1094/1028
f 1029/1094/1029 1062/1128/1029 1063/1129/1029 1030/1095/1029
f 1030/1095/1030 1063/1129/1030 1064/1130/1030 1031/1096/1030
f 1031/1096/1031 1064/1130/1031 1065/1131/1031 1032/1097/1031
f 1032/1097/1032 1065/1131/1032 1066/1132/1032 1033/1098/1032
f 1033/1098/1033 1066/1132/1033 1067/1133/1033 1034/1099/1033
f 1034/1099/1034 1067/1133/1034 1068/1134/1034 1035/1100/1034
f 1035/1100/1035 1068/1134/1035 1069/1135/1035 1036/1101/1035
f 1036/1101/1036 1069/1135/1036 1070/1136/1036 1037/1102/1036
f 1037/1102/1037 1070/1136/1037 1071/1137/1037 1038/1103/1037
f 1038/1103/1038 1071/1137/1038 1072/1138/1038 1039/1104/1038
f 1039/1104/1039 1072/1138/1039 1073/1139/1039 1040/1105/1039
f 1040/1106/1040 1073/1140/1040 1074/1141/1040 1041/1107/1040
f 1041/1107/1041 1074/1141/1041 1075/1142/1041 1042/1108/1041
f 1042/1108/1042 1075/1142/1042 1076/1143/1042 1043/1109/1042
f 1043/1109/1043 1076/1143/1043 1077/1144/1043 1044/1110/1043
f 1044/1110/1044 1077/1144/1044 1078/1145/1044 1045/1111/1044
f 1045/1111/1045 1078/1145/1045 1079/1146/1045 1046/1112/1045
f 1046/1112/1046 1079/1146/1046 1080/1147/1046 1047/1113/1046
f 1047/1113/1047 1080/1147/1047 1081/1148/1047 1048/1114/1047
f 1048/1114/1048 1081/1148/1048 1082/1149/1048 1049/1115/1048
f 1049/1115/1049 1082/1149/1049 1083/1150/1049 1050/1116/1049
f 1050/1116/1050 1083/1150/1050 1084/1151/1050 1051/1117/1050
f 1051/1117/1051 1084/1151/1051 1085/1152/1051 1052/1118/1051
f 1052/1118/1052 1085/1152/1052 1086/1153/1052 1053/1119/1052
f 1053/1119/1053 1086/1153/1053 1087/1154/1053 1054/1120/1053
f 1054/1120/1054 1087/1154/1054 1088/1155/1054 1055/1121/1054
f 1055/1121/1055 1088/1155/1055 1089/1156/1055 1056/1122/1055
f 1056/1122/1056 1089/1156/1056 1057/1123/1056 1024/1089/1056
f 1057/1123/1057 1090/1157/1057 1091/1158/1057 1058/1124/1057
f 1058/1124/1058 1091/1158/1058 1092/1159/1058 1059/1125/1058
f 1059/1125/1059 1092/1159/1059 1093/1160/1059 1060/1126/1059
f 1060/1126/1060 1093/1160/1060 1094/1161/1060 1061/1127/1060
f 1061/1127/1061 1094/1161/1061 1095/1162/1061 1062/1128/1061
f 1062/1128/1062 1095/1162/1062 1096/1163/1062 1063/1129/1062
f 1063/1129/1063 1096/1163/1063 1097/1164/1063 1064/1130/1063
f 1064/1130/1064 1097/1164/1064 1098/1165/1064 1065/1131/1064
f 1065/1131/1065 1098/1165/1065 1099/1166/1065 1066/1132/1065
f 1066/1132/1066 1099/1166/1066 1100/1167/1066 1067/1133/1066
f 1067/1133/1067 1100/1167/1067 1101/1168/1067 1068/1134/1067
f 1068/1134/1068 1101/1168/1068 1102/1169/1068 1069/1135/1068
f 1069/1135/1069 1102/1169/1069 1103/1170/1069 1070/1136/1069
f 1070/1136/1070 1103/1170/1070 1104/1171/1070 1071/1137/1070
f 1071/1137/1071 1104/1171/1071 1105/1172/1071 1072/1138/1071
f 1072/1138/1072 1105/1172/1072 1106/1173/1072 1073/1139/1072
f 1073/1140/1073 1106/1174/1073 1107/1175/1073 1074/1141/1073
f 1074/1141/1074 1107/1175/1074 1108/1176/1074 1075/1142/1074
f 1075/1142/1075 1108/1176/1075 1109/1177/1075 1076/1143/1075
f 1076/1143/1076 1109/1177/1076 1110/1178/1076 1077/1144/1076
f 1077/1144/1077 1110/1178/1077 1111/1179/1077 1078/1145/1077
f 1078/1145/1078 1111/1179/1078 1112/1180/1078 1079/1146/1078
f 1079/1146/1079 1112/1180/1079 1113/1181/1079 1080/1147/1079
f 1080/1147/1080 1113/1181/1080 1114/1182/1080 1081/1148/1080
f 1081/1148/1081 1114/1182/1081 1115/1183/1081 1082/1149/1081
f 1082/1149/1082 1115/1183/1082 1116/1184/1082 1083/1150/1082
f 1083/1150/1083 1116/1184/1083 1117/1185/1083 1084/1151/1083
f 1084/1151/1084 1117/1185/1084 1118/1186/1084 1085/1152/1084
f 1085/1152/1085 1118/1186/1085 1119/1187/1085 1086/1153/1085
f 1086/1153/1086 1119/1187/1086 1120/1188/1086 1087/1154/1086
f 1087/1154/1087 1120/1188/1087 1121/1189/1087 1088/1155/1087
f 1088/1155/1088 1121/1189/1088 1122/1190/1088 1089/1156/1088
f 1089/1156/1089 1122/1190/1089 1090/1157/1089 1057/1123/1089
f 1090/1157/1090 1123/1191/1090 1124/1192/1090 1091/1158/1090
f 1091/1158/1091 1124/1192/1091 1125/1193/1091 1092/1159/1091
f 1092/1159/1092 1125/1193/1092 1126/1194/1092 1093/1160/1092
f 1093/1160/1093 1126/1194/1093 1127/1195/1093 1094/1161/1093
f 1094/1161/1094 1127/1195/1094 1128/1196/1094 1095/1162/1094
f 1095/1162/1095 1128/1196/1095 1129/1197/1095 1096/1163/1095
f 1096/1163/1096 1129/1197/1096 1130/1198/1096 1097/1164/1096
f 1097/1164/1097 1130/1198/1097 1131/1199/1097 1098/1165/1097
f 1098/1165/1098 1131/1199/1098 1132/1200/1098 1099/1166/1098
f 1099/1166/1099 1132/1200/1099 1133/1201/1099 1100/1167/1099
f 1100/1167/1100 1133/1201/1100 1134/1202/1100 1101/1168/1100
f 1101/1168/1101 1134/1202/1101 1135/1203/1101 1102/1169/1101
f 1102/1169/1102 1135/1203/1102 1136/1204/1102 1103/1170/1102
f 1103/1170/1103 1136/1204/1103 1137/1205/1103 1104/1171/1103
f 1104/1171/1104 1137/1205/1104 1138/1206/1104 1105/1172/1104
f 1105/1172/1105 1138/1206/1105 1139/1207/1105 1106/1173/1105
f 1106/1174/1106 1139/1208/1106 1140/1209/1106 1107/1175/1106
f 1107/1175/1107 1140/1209/1107 1141/1210/1107 1108/1176/1107
f 1108/1176/1108 1141/1210/1108 1142/1211/1108 1109/1177/1108
f 1109/1177/1109 1142/1211/1109 1143/1212/1109 1110/1178/1109
f 1110/1178/1110 1143/1212/1110 1144/1213/1110 1111/1179/1110
f 1111/1179/1111 1144/1213/1111 1145/1214/1111 1112/1180/1111
f 1112/1180/1112 1145/1214/1112 1146/1215/1112 1113/1181/1112
f 1113/1181/1113 1146/1215/1113 1147/1216/1113 1114/1182/1113
f 1114/1182/1114 1147/1216/1114 1148/1217/1114 1115/1183/1114
f 1115/1183/1115 1148/1217/1115 1149/1218/1115 1116/1184/1115
f 1116/1184/1116 1149/1218/1116 1150/1219/1116 1117/1185/1116
f 1117/1185/1117 1150/1219/1117 1151/1220/1117 1118/1186/1117
f 1118/1186/1118 1151/1220/1118 1152/1221/1118 1119/1187/1118
f 1119/1187/1119 1152/1221/1119 1153/1222/1119 1120/1188/1119
f 1120/1188/1120 1153/1222/1120 1154/1223/1120 1121/1189/1120
f 1121/1189/1121 1154/1223/1121 1155/1224/1121 1122/1190/1121
f 1122/1190/1122 1155/1224/1122 1123/1191/1122 1090/1157/1122
f 1123/1191/1123 1156/1225/1123 1157/1226/1123 1124/1192/1123
f 1124/1192/1124 1157/1226/1124 1158/1227/1124 1125/1193/1124
f 1125/1193/1125 1158/1227/1125 1159/1228/1125 1126/1194/1125
f 1126/1194/1126 1159/1228/1126 1160/1229/1126 1127/1195/1126
f 1127/1195/1127 1160/1229/1127 1161/1230/1127 1128/1196/1127
f 1128/1196/1128 1161/1230/1128 1162/1231/1128 1129/1197/1128
f 1129/1197/1129 1162/1231/1129 1163/1232/1129 1130/1198/1129
f 1130/1198/1130 1163/1232/1130 1164/1233/1130 1131/1199/1130
f 1131/1199/1131 1164/1233/1131 1165/1234/1131 1132/1200/1131
f 1132/1200/1132 1165/1234/1132 1166/1235/1132 1133/1201/1132
f 1133/1201/1133 1166/1235/1133 1167/1236/1133 1134/1202/1133
f 1134/1202/1134 1167/1236/1134 1168/1237/1134 1135/1203/1134
f 1135/1203/1135 1168/1237/1135 1169/1238/1135 1136/1204/1135
f 1136/1204/1136 1169/1238/1136 1170/1239/1136 1137/1205/1136
f 1137/1205/1137 1170/1239/1137 1171/1240/1137 1138/1206/1137
f 1138/1206/1138 1171/1240/1138 1172/1241/1138 1139/1207/1138
f 1139/1208/1139 1172/1242/1139 1173/1243/1139 1140/1209/1139
f 1140/1209/1140 1173/1243/1140 1174/1244/1140 1141/1210/1140
f 1141/1210/1141 1174/1244/1141 1175/1245/1141 1142/1211/1141
f 1142/1211/1142 1175/1245/1142 1176/1246/1142 1143/1212/1142
f 1143/1212/1143 1176/1246/1143 1177/1247/1143 1144/1213/1143
f 1144/1213/1144 1177/1247/1144 1178/1248/1144 1145/1214/1144
f 1145/1214/1145 1178/1248/1145 1179/1249/1145 1146/1215/1145
f 1146/1215/1146 1179/1249/1146 1180/1250/1146 1147/1216/1146
f 1147/1216/1147 1180/1250/1147 1181/1251/1147 1148/1217/1147
f 1148/1217/1148 1181/1251/1148 1182/1252/1148 1149/1218/1148
f 1149/1218/1149 1182/1252/1149 1183/1253/1149 1150/1219/1149
f 1150/1219/1150 1183/1253/1150 1184/1254/1150 1151/1220/1150
f 1151/1220/1151 1184/1254/1151 1185/1255/1151 1152/1221/1151
f 1152/1221/1152 1185/1255/1152 1186/1256/1152 1153/1222/1152
f 1153/1222/1153 1186/1256/1153 1187/1257/1153 1154/1223/1153
f 1154/1223/1154 1187/1257/1154 1188/1258/1154 1155/1224/1154
f 1155/1224/1155 1188/1258/1155 1156/1225/1155 1123/1191/1155
f 1156/1225/1156 1189/1259/1156 1190/1260/1156 1157/1226/1156
f 1157/1226/1157 1190/1260/1157 1191/1261/1157 1158/1227/1157
f 1158/1227/1158 1191/1261/1158 1192/1262/1158 1159/1228/1158
f 1159/1228/1159 1192/1262/1159 1193/1263/1159 1160/1229/1159
f 1160/1229/1160 1193/1263/1160 1194/1264/1160 1161/1230/1160
f 1161/1230/1161 1194/1264/1161 1195/1265/1161 1162/1231/1161
f 1162/1231/1162 1195/1265/1162 1196/1266/1162 1163/1232/1162
f 1163/1232/1163 1196/1266/1163 1197/1267/1163 1164/1233/1163
f 1164/1233/1164 1197/1267/1164 1198/1268/1164 1165/1234/1164
f 1165/1234/1165 1198/1268/1165 1199/1269/1165 1166/1235/1165
f 1166/1235/1166 1199/1269/1166 1200/1270/1166 1167/1236/1166
f 1167/1236/1167 1200/1270/1167 1201/1271/1167 1168/1237/1167
f 1168/1237/1168 1201/1271/1168 1202/1272/1168 1169/1238/1168
f 1169/1238/1169 1202/1272/1169 1203/1273/1169 1170/1239/1169
f 1170/1239/1170 1203/1273/1170 1204/1274/1170 1171/1240/1170
f 1171/1240/1171 1204/1274/1171 1205/1275/1171 1172/1241/1171
f 1172/1242/1172 1205/1276/1172 1206/1277/1172 1173/1243/1172
f 1173/1243/1173 1206/1277/1173 1207/1278/1173 1174/1244/1173
f 1174/1244/1174 1207/1278/1174 1208/1279/1174 1175/1245/1174
f 1175/1245/1175 1208/1279/1175 1209/1280/1175 1176/1246/1175
f 1176/1246/1176 1209/1280/1176 1210/1281/1176 1177/1247/1176
f 1177/1247/1177 1210/1281/1177 1211/1282/1177 1178/1248/1177
f 1178/1248/1178 1211/1282/1178 1212/1283/1178 1179/1249/1178
f 1179/1249/1179 1212/1283/1179 1213/1284/1179 1180/1250/1179
f 1180/1250/1180 1213/1284/1180 1214/1285/1180 1181/1251/1180
f 1181/1251/1181 1214/1285/1181 1215/1286/1181 1182/1252/1181
f 1182/1252/1182 1215/1286/1182 1216/1287/1182 1183/1253/1182
f 1183/1253/1183 1216/1287/1183 1217/1288/1183 1184/1254/1183
f 1184/1254/1184 1217/1288/1184 1218/1289/1184 1185/1255/1184
f 1185/1255/1185 1218/1289/1185 1219/1290/1185 1186/1256/1185
f 1186/1256/1186 1219/1290/1186 1220/1291/1186 1187/1257/1186
f 1187/1257/1187 1220/1291/1187 1221/1292/1187 1188/1258/1187
f 1188/1258/1188 1221/1292/1188 1189/1259/1188 1156/1225/1188
f 1189/1259/1189 1222/1293/1189 1223/1294/1189 1190/1260/1189
f 1190/1260/1190 1223/1294/1190 1224/1295/1190 1191/1261/1190
f 1191/1261/1191 1224/1295/1191 1225/1296/1191 1192/1262/1191
f 1192/1262/1192 1225/1296/1192 1226/1297/1192 1193/1263/1192
f 1193/1263/1193 1226/1297/1193 1227/1298/1193 1194/1264/1193
f 1194/1264/1194 1227/1298/1194 1228/1299/1194 1195/1265/1194
f 1195/1265/1195 1228/1299/1195 1229/1300/1195 1196/1266/1195
f 1196/1266/1196 1229/1300/1196 1230/1301/1196 1197/1267/1196
f 1197/1267/1197 1230/1301/1197 1231/1302/1197 1198/1268/1197
f 1198/1268/1198 1231/1302/1198 1232/1303/1198 1199/1269/1198
f 1199/1269/1199 1232/1303/1199 1233/1304/1199 1200/1270/1199
f 1200/1270/1200 1233/1304/1200 1234/1305/1200 1201/1271/1200
f 1201/1271/1201 1234/1305/1201 1235/1306/1201 1202/1272/1201
f 1202/1272/1202 1235/1306/1202 1236/1307/1202 1203/1273/1202
f 1203/1273/1203 1236/1307/1203 1237/1308/1203 1204/1274/1203
f 1204/1274/1204 1237/1308/1204 1238/1309/1204 1205/1275/1204
f 1205/1276/1205 1238/1310/1205 1239/1311/1205 1206/1277/1205
f 1206/1277/1206 1239/1311/1206 1240/1312/1206 1207/1278/1206
f 1207/1278/1207 1240/1312/1207 1241/1313/1207 1208/1279/1207
f 1208/1279/1208 1241/1313/1208 1242/1314/1208 1209/1280/1208
f 1209/1280/1209 1242/1314/1209 1243/1315/1209 1210/1281/1209
f 1210/1281/1210 1243/1315/1210 1244/1316/1210 1211/1282/1210
f 1211/1282/1211 1244/1316/1211 1245/1317/1211 1212/1283/1211
f 1212/1283/1212 1245/1317/1212 1246/1318/1212 1213/1284/1212
f 1213/1284/1213 1246/1318/1213 1247/1319/1213 1214/1285/1213
f 1214/1285/1214 1247/1319/1214 1248/1320/1214 1215/1286/1214
f 1215/1286/1215 1248/1320/1215 1249/1321/1215 1216/1287/1215
f 1216/1287/1216 1249/1321/1216 1250/1322/1216 1217/1288/1216
f 1217/1288/1217 1250/1322/1217 1251/1323/1217 1218/1289/1217
f 1218/1289/1218 1251/1323/1218 1252/1324/1218 1219/1290/1218
f 1219/1290/1219 1252/1324/1219 1253/1325/1219 1220/1291/1219
f 1220/1291/1220 1253/1325/1220 1254/1326/1220 1221/1292/1220
f 1221/1292/1221 1254/1326/1221 1222/1293/1221 1189/1259/1221
f 1222/1293/1222 1255/1327/1222 1256/1328/1222 1223/1294/1222
f 1223/1294/1223 1256/1328/1223 1257/1329/1223 1224/1295/1223
f 1224/1295/1224 1257/1329/1224 1258/1330/1224 1225/1296/1224
f 1225/1296/1225 1258/1330/1225 1259/1331/1225 1226/1297/1225
f 1226/1297/1226 1259/1331/1226 1260/1332/1226 1227/1298/1226
f 1227/1298/1227 1260/1332/1227 1261/1333/1227 1228/1299/1227
f 1228/1299/1228 1261/1333/1228 1262/1334/1228 1229/1300/1228
f 1229/1300/1229 1262/1334/1229 1263/1335/1229 1230/1301/1229
f 1230/1301/1230 1263/1335/1230 1264/1336/1230 1231/1302/1230
f 1231/1302/1231 1264/1336/1231 1265/1337/1231 1232/1303/1231
f 1232/1303/1232 1265/1337/1232 1266/1338/1232 1233/1304/1232
f 1233/1304/1233 1266/1338/1233 1267/1339/1233 1234/1305/1233
f 1234/1305/1234 1267/1339/1234 1268/1340/1234 1235/1306/1234
f 1235/1306/1235 1268/1340/1235 1269/1341/1235 1236/1307/1235
f 1236/1307/1236 1269/1341/1236 1270/1342/1236 1237/1308/1236
f 1237/1308/1237 1270/1342/1237 1271/1343/1237 1238/1309/1237
f 1238/1310/1238 1271/1344/1238 1272/1345/1238 1239/1311/1238
f 1239/1311/1239 1272/1345/1239 1273/1346/1239 1240/1312/1239
f 1240/1312/1240 1273/1346/1240 1274/1347/1240 1241/1313/1240
f 1241/1313/1241 1274/1347/1241 1275/1348/1241 1242/1314/1241
f 1242/1314/1242 1275/1348/1242 1276/1349/1242 1243/1315/1242
f 1243/1315/1243 1276/1349/1243 1277/1350/1243 1244/1316/1243
f 1244/1316/1244 1277/1350/1244 1278/1351/1244 1245/1317/1244
f 1245/1317/1245 1278/1351/1245 1279/1352/1245 1246/1318/1245
f 1246/1318/1246 1279/1352/1246 1280/1353/1246 1247/1319/1246
f 1247/1319/1247 1280/1353/1247 1281/1354/1247 1248/1320/1247
f 1248/1320/1248 1281/1354/1248 1282/1355/1248 1249/1321/1248
f 1249/1321/1249 1282/1355/1249 1283/1356/1249 1250/1322/1249
f 1250/1322/1250 1283/1356/1250 1284/1357/1250 1251/1323/1250
f 1251/1323/1251 1284/1357/1251 1285/1358/1251 1252/1324/1251
f 1252/1324/1252 1285/1358/1252 1286/1359/1252 1253/1325/1252
f 1253/1325/1253 1286/1359/1253 1287/1360/1253 1254/1326/1253
f 1254/1326/1254 1287/1360/1254 1255/1327/1254 1222/1293/1254
f 1255/1327/1255 1288/1361/1255 1289/1362/1255 1256/1328/1255
f 1256/1328/1256 1289/1362/1256 1290/1363/1256 1257/1329/1256
f 1257/1329/1257 1290/1363/1257 1291/1364/1257 1258/1330/1257
f 1258/1330/1258 1291/1364/1258 1292/1365/1258 1259/1331/1258
f 1259/1331/1259 1292/1365/1259 1293/1366/1259 1260/1332/1259
f 1260/1332/1260 1293/1366/1260 1294/1367/1260 1261/1333/1260
f 1261/1333/1261 1294/1367/1261 1295/1368/1261 1262/1334/1261
f 1262/1334/1262 1295/1368/1262 1296/1369/1262 1263/1335/1262
f 1263/1335/1263 1296/1369/1263 1297/1370/1263 1264/1336/1263
f 1264/1336/1264 1297/1370/1264 1298/1371/1264 1265/1337/1264
f 1265/1337/1265 1298/1371/1265 1299/1372/1265 1266/1338/1265
f 1266/1338/1266 1299/1372/1266 1300/1373/1266 1267/1339/1266
f 1267/1339/1267 1300/1373/1267 1301/1374/1267 1268/1340/1267
f 1268/1340/1268 1301/1374/1268 1302/1375/1268 1269/1341/1268
f 1269/1341/1269 1302/1375/1269 1303/1376/1269 1270/1342/1269
f 1270/1342/1270 1303/1376/1270 1304/1377/1270 1271/1343/1270
f 1271/1344/1271 1304/1378/1271 1305/1379/1271 1272/1345/1271
f 1272/1345/1272 1305/1379/1272 1306/1380/1272 1273/1346/1272
f 1273/1346/1273 1306/1380/1273 1307/1381/1273 1274/1347/1273
f 1274/1347/1274 1307/1381/1274 1308/1382/1274 1275/1348/1274
f 1275/1348/1275 1308/1382/1275 1309/1383/1275 1276/1349/1275
f 1276/1349/1276 1309/1383/1276 1310/1384/1276 1277/1350/1276
f 1277/1350/1277 1310/1384/1277 1311/1385/1277 1278/1351/1277
f 1278/1351/1278 1311/1385/1278 1312/1386/1278 1279/1352/1278
f 1279/1352/1279 1312/1386/1279 1313/1387/1279 1280/1353/1279
f 1280/1353/1280 1313/1387/1280 1314/1388/1280 1281/1354/1280
f 1281/1354/1281 1314/1388/1281 1315/1389/1281 1282/1355/1281
f 1282/1355/1282 1315/1389/1282 1316/1390/1282 1283/1356/1282
f 1283/1356/1283 1316/1390/1283 1317/1391/1283 1284/1357/1283
f 1284/1357/1284 1317/1391/1284 1318/1392/1284 1285/1358/1284
f 1285/1358/1285 1318/1392/1285 1319/1393/1285 1286/1359/1285
f 1286/1359/1286 1319/1393/1286 1320/1394/1286 1287/1360/1286
f 1287/1360/1287 1320/1394/1287 1288/1361/1287 1255/1327/1287
f 1288/1361/1288 1321/1395/1288 1322/1396/1288 1289/1362/1288
f 1289/1362/1289 1322/1396/1289 1323/1397/1289 1290/1363/1289
f 1290/1363/1290 1323/1397/1290 1324/1398/1290 1291/1364/1290
f 1291/1364/1291 1324/1398/1291 1325/1399/1291 1292/1365/1291
f 1292/1365/1292 1325/1399/1292 1326/1400/1292 1293/1366/1292
f 1293/1366/1293 1326/1400/1293 1327/1401/1293 1294/1367/1293
f 1294/1367/1294 1327/1401/1294 1328/1402/1294 1295/1368/1294
f 1295/1368/1295 1328/1402/1295 1329/1403/1295 1296/1369/1295
f 1296/1369/1296 1329/1403/1296 1330/1404/1296 1297/1370/1296
f 1297/1370/1297 1330/1404/1297 1331/1405/1297 1298/1371/1297
f 1298/1371/1298 1331/1405/1298 1332/1406/1298 1299/1372/1298
f 1299/1372/1299 1332/1406/1299 1333/1407/1299 1300/1373/1299
f 1300/1373/1300 1333/1407/1300 1334/1408/1300 1301/1374/1300
f 1301/1374/1301 1334/1408/1301 1335/1409/1301 1302/1375/1301
f 1302/1375/1302 1335/1409/1302 1336/1410/1302 1303/1376/1302
f 1303/1376/1303 1336/1410/1303 1337/1411/1303 1304/1377/1303
f 1304/1378/1304 1337/1412/1304 1338/1413/1304 1305/1379/1304
f 1305/1379/1305 1338/1413/1305 1339/1414/1305 1306/1380/1305
f 1306/1380/1306 1339/1414/1306 1340/1415/1306 1307/1381/1306
f 1307/1381/1307 1340/1415/1307 1341/1416/1307 1308/1382/1307
f 1308/1382/1308 1341/1416/1308 1342/1417/1308 1309/1383/1308
f 1309/1383/1309 1342/1417/1309 1343/1418/1309 1310/1384/1309
f 1310/1384/1310 1343/1418/1310 1344/1419/1310 1311/1385/1310
f 1311/1385/1311 1344/1419/1311 1345/1420/1311 1312/1386/1311
f 1312/1386/1312 1345/1420/1312 1346/1421/1312 1313/1387/1312
f 1313/1387/1313 1346/1421/1313 1347/1422/1313 1314/1388/1313
f 1314/1388/1314 1347/1422/1314 1348/1423/1314 1315/1389/1314
f 1315/1389/1315 1348/1423/1315 1349/1424/1315 1316/1390/1315
f 1316/1390/1316 1349/1424/1316 1350/1425/1316 1317/1391/1316
f 1317/1391/1317 1350/1425/1317 1351/1426/1317 1318/1392/1317
f 1318/1392/1318 1351/1426/1318 1352/1427/1318 1319/1393/1318
f 1319/1393/1319 1352/1427/1319 1353/1428/1319 1320/1394/1319
f 1320/1394/1320 1353/1428/1320 1321/1395/1320 1288/1361/1320
f 1321/1395/1321 1354/1429/1321 1355/1430/1321 1322/1396/1321
f 1322/1396/1322 1355/1430/1322 1356/1431/1322 1323/1397/1322
f 1323/1397/1323 1356/1431/1323 1357/1432/1323 1324/1398/1323
f 1324/1398/1324 1357/1432/1324 1358/1433/1324 1325/1399/1324
f 1325/1399/1325 1358/1433/1325 1359/1434/1325 1326/1400/1325
f 1326/1400/1326 1359/1434/1326 1360/1435/1326 1327/1401/1326
f 1327/1401/1327 1360/1435/1327 1361/1436/1327 1328/1402/1327
f 1328/1402/1328 1361/1436/1328 1362/1437/1328 1329/1403/1328
f 1329/1403/1329 1362/1437/1329 1363/1438/1329 1330/1404/1329
f 1330/1404/1330 1363/1438/1330 1364/1439/1330 1331/1405/1330
f 1331/1405/1331 1364/1439/1331 1365/1440/1331 1332/1406/1331
f 1332/1406/1332 1365/1440/1332 1366/1441/1332 1333/1407/1332
f 1333/1407/1333 1366/1441/1333 1367/1442/1333 1334/1408/1333
f 1334/1408/1334 1367/1442/1334 1368/1443/1334 1335/1409/1334
f 1335/1409/1335 1368/1443/1335 1369/1444/1335 1336/1410/1335
f 1336/1410/1336 1369/1444/1336 1370/1445/1336 1337/1411/1336
f 1337/1412/1337 1370/1446/1337 1371/1447/1337 1338/1413/1337
f 1338/1413/1338 1371/1447/1338 1372/1448/1338 1339/1414/1338
f 1339/1414/1339 1372/1448/1339 1373/1449/1339 1340/1415/1339
f 1340/1415/1340 1373/1449/1340 1374/1450/1340 1341/1416/1340
f 1341/1416/1341 1374/1450/1341 1375/1451/1341 1342/1417/1341
f 1342/1417/1342 1375/1451/1342 1376/1452/1342 1343/1418/1342
f 1343/1418/1343 1376/1452/1343 1377/1453/1343 1344/1419/1343
f 1344/1419/1344 1377/1453/1344 1378/1454/1344 1345/1420/1344
f 1345/1420/1345 1378/1454/1345 1379/1455/1345 1346/1421/1345
f 1346/1421/1346 1379/1455/1346 1380/1456/1346 1347/1422/1346
f 1347/1422/1347 1380/1456/1347 1381/1457/1347 1348/1423/1347
f 1348/1423/1348 1381/1457/1348 1382/1458/1348 1349/1424/1348
f 1349/1424/1349 1382/1458/1349 1383/1459/1349 1350/1425/1349
f 1350/1425/1350 1383/1459/1350 1384/1460/1350 1351/1426/1350
f 1351/1426/1351 1384/1460/1351 1385/1461/1351 1352/1427/1351
f 1352/1427/1352 1385/1461/1352 1386/1462/1352 1353/1428/1352
f 1353/1428/1353 1386/1462/1353 1354/1429/1353 1321/1395/1353
f 1354/1429/1354 1387/1463/1354 1388/1464/1354 1355/1430/1354
f 1355/1430/1355 1388/1464/1355 1389/1465/1355 1356/1431/1355
f 1356/1431/1356 1389/1465/1356 1390/1466/1356 1357/1432/1356
f 1357/1432/1357 1390/1466/1357 1391/1467/1357 1358/1433/1357
f 1358/1433/1358 1391/1467/1358 1392/1468/1358 1359/1434/1358
f 1359/1434/1359 1392/1468/1359 1393/1469/1359 1360/1435/1359
f 1360/1435/1360 1393/1469/1360 1394/1470/1360 1361/1436/1360
f 1361/1436/1361 1394/1470/1361 1395/1471/1361 1362/1437/1361
f 1362/1437/1362 1395/1471/1362 1396/1472/1362 1363/1438/1362
f 1363/1438/1363 1396/1472/1363 1397/1473/1363 1364/1439/1363
f 1364/1439/1364 1397/1473/1364 1398/1474/1364 1365/1440/1364
f 1365/1440/1365 1398/1474/1365 1399/1475/1365 1366/1441/1365
f 1366/1441/1366 1399/1475/1366 1400/1476/1366 1367/1442/1366
f 1367/1442/1367 1400/1476/1367 1401/1477/1367 1368/1443/1367
f 1368/1443/1368 1401/1477/1368 1402/1478/1368 1369/1444/1368
f 1369/1444/1369 1402/1478/1369 1403/1479/1369 1370/1445/1369
f 1370/1446/1370 1403/1480/1370 1404/1481/1370 1371/1447/1370
f 1371/1447/1371 1404/1481/1371 1405/1482/1371 1372/1448/1371
f 1372/1448/1372 1405/1482/1372 1406/1483/1372 1373/1449/1372
f 1373/1449/1373 1406/1483/1373 1407/1484/1373 1374/1450/1373
f 1374/1450/1374 1407/1484/1374 1408/1485/1374 1375/1451/1374
f 1375/1451/1375 1408/1485/1375 1409/1486/1375 1376/1452/1375
f 1376/1452/1376 1409/1486/1376 1410/1487/1376 1377/1453/1376
f 1377/1453/1377 1410/1487/1377 1411/1488/1377 1378/1454/1377
f 1378/1454/1378 1411/1488/1378 1412/1489/1378 1379/1455/1378
f 1379/1455/1379 1412/1489/1379 1413/1490/1379 1380/1456/1379
f 1380/1456/1380 1413/1490/1380 1414/1491/1380 1381/1457/1380
f 1381/1457/1381 1414/1491/1381 1415/1492/1381 1382/1458/1381
f 1382/1458/1382 1415/1492/1382 1416/1493/1382 1383/1459/1382
f 1383/1459/1383 1416/1493/1383 1417/1494/1383 1384/1460/1383
f 1384/1460/1384 1417/1494/1384 1418/1495/1384 1385/1461/1384
f 1385/1461/1385 1418/1495/1385 1419/1496/1385 1386/1462/1385
f 1386/1462/1386 1419/1496/1386 1387/1463/1386 1354/1429/1386
f 1387/1463/1387 1/1/1387 2/4/1387 1388/1464/1387
f 1388/1464/1388 2/4/1388 3/6/1388 1389/1465/1388
f 1389/1465/1389 3/6/1389 4/8/1389 1390/1466/1389
f 1390/1466/1390 4/8/1390 5/10/1390 1391/1467/1390
f 1391/1467/1391 5/10/1391 6/12/1391 1392/1468/1391
f 1392/1468/1392 6/12/1392 7/14/1392 1393/1469/1392
f 1393/1469/1393 7/14/1393 8/16/1393 1394/1470/1393
f 1394/1470/1394 8/16/1394 9/18/1394 1395/1471/1394
f 1395/1471/1395 9/18/1395 10/20/1395 1396/1472/1395
f 1396/1472/1396 10/20/1396 11/22/1396 1397/1473/1396
f 1397/1473/1397 11/22/1397 12/24/1397 1398/1474/1397
f 1398/1474/1398 12/24/1398 13/26/1398 1399/1475/1398
f 1399/1475/1399 13/26/1399 14/28/1399 1400/1476/1399
f 1400/1476/1400 14/28/1400 15/30/1400 1401/1477/1400
f 1401/1477/1401 15/30/1401 16/32/1401 1402/1478/1401
f 1402/1478/1402 16/32/1402 17/34/1402 1403/1479/1402
f 1403/1480/1403 17/35/1403 18/38/1403 1404/1481/1403
f 1404/1481/1404 18/38/1404 19/40/1404 1405/1482/1404
f 1405/1482/1405 19/40/1405 20/42/1405 1406/1483/1405
f 1406/1483/1406 20/42/1406 21/44/1406 1407/1484/1406
f 1407/1484/1407 21/44/1407 22/46/1407 1408/1485/1407
f 1408/1485/1408 22/46/1408 23/48/1408 1409/1486/1408
f 1409/1486/1409 23/48/1409 24/50/1409 1410/1487/1409
f 1410/1487/1410 24/50/1410 25/52/1410 1411/1488/1410
f 1411/1488/1411 25/52/1411 26/54/1411 1412/1489/1411
f 1412/1489/1412 26/54/1412 27/56/1412 1413/1490/1412
f 1413/1490/1413 27/56/1413 28/58/1413 1414/1491/1413
f 1414/1491/1414 28/58/1414 29/60/1414 1415/1492/1414
f 1415/1492/1415 29/60/1415 30/62/1415 1416/1493/1415
f 1416/1493/1416 30/62/1416 31/64/1416 1417/1494/1416
f 1417/1494/1417 31/64/1417 32/66/1417 1418/1495/1417
f 1418/1495/1418 32/66/1418 33/68/1418 1419/1496/1418
f 1419/1496/1419 33/68/1419 1/1/1419 1387/1463/1419
